1791405066909,173.720628183362
1791405068994,188.350937168455
1791405071019,195.405004404316
1791405073039,189.173140872931
1791405075067,188.266032998179
1791405077085,195.471363509892
1791405079104,195.524493670886
1791405081120,192.626676833573
1791405083136,190.019754927845
1791405085153,191.152908859322
1791405087168,193.219891685924
1791405089186,191.789675054754
1791405091200,193.237402760916
1791405093225,191.305076757927
1791405095246,193.191946578894
1791405097254,195.076477420052
1791405099281,194.12294131292
1791405101297,195.500698610997
1791405103318,192.32775977384
1791405105339,193.478633369224
1791405107351,196.490811029656
1791405109374,192.912060764322
1791405111395,192.205148243441
1791405113410,196.122804241177
1791405115422,193.56111382511
1791405117445,195.818032951722
1791405119461,192.94608406797
1791405121480,195.170347265051
1791405123499,194.389976780705
1791405125524,190.628469155316
1791405127548,194.550698063901
1791405129576,195.453849969973
1791405131601,194.64209309704
1791405133619,194.452199287875
1791405135641,192.668250745727
1791405137663,195.731979509696
1791405139687,196.31167634054
1791405141709,194.360001868744
1791405143726,195.119959527825
1791405145744,193.307468083536
1791405147765,196.344798034623
1791405149788,196.139958153
1791405151815,194.522893804007
1791405153833,192.471845887957
1791405155845,191.171059221235
1791405157857,193.022016368378
1791405159872,192.42820337417
1791405161885,191.452762752839
1791405163894,195.811303949178
1791405165917,195.492819717913
1791405167941,195.79520115308
1791405169968,196.023740665602
1791405171994,193.623553824395
1791405174008,195.708344854948
1791405176031,194.87163610052
1791405178045,197.024164464367
1791405180065,196.145950260354
1791405182077,194.709337399317
1791405184097,194.120536825586
1791405186114,190.585637972289
1791405188123,189.721655376799
1791405190139,194.724779722058
1791405192153,191.202175488219
1791405194167,187.669498080407
1791405196185,196.315068299443
1791405198210,195.965505946023
1791405200232,196.848148855242
1791405202251,191.041222274869
1791405204266,195.509204689679
1791405206290,195.970750497369
1791405208310,196.420638097144
1791405210337,195.193097868615
1791405212358,190.472697973561
1791405214379,194.760416666667
1791405216404,196.151410351822
1791405218424,195.619566310768
1791405220445,196.485871029296
1791405222463,189.291335418378
1791405224480,191.411041155581
1791405226496,193.009866940348
1791405228510,193.836663078768
1791405230520,193.134720544145
1791405232530,188.515809374201
1791405234548,189.103101002895
1791405236576,194.231021800272
1791405238600,197.235996166913
1791405240626,195.632669636172
1791405242649,189.263100999518
1791405244670,194.628192158979
1791405246694,194.901700692022
1791405248709,193.602238463951
1791405250730,196.688662276248
1791405252748,189.372577179887
1791405254763,188.952753310831
1791405256776,195.484960112623
1791405258791,196.304516147397
1791405260812,196.061438802607
1791405262826,188.718353520722
1791405264838,195.379730210414
1791405266855,195.86735936762
1791405268871,195.173784615385
1791405270887,196.557266478194
1791405272907,188.817920798384
1791405274932,195.643424855491
1791405276952,196.168109192625
1791405278976,196.054469254166
1791405281002,195.963610976548
1791405283018,189.153031694595
1791405285043,193.562997572816
1791405287074,195.111381641557
1791405289086,195.869088505367
1791405291110,193.960640080875
1791405293129,188.13458227681
1791405295151,191.18335889269
1791405297172,191.176699656635
1791405299191,193.370200086648
1791405301212,193.941939957506
1791405303238,189.185859594737
1791405305255,191.548853120883
1791405307275,194.530137082273
1791405309295,194.928656065597
1791405311310,195.970842332613
1791405313328,190.522032263989
1791405315345,192.306131154166
1791405317365,194.044923544496
1791405319384,194.848133611114
1791405321407,194.761301124133
1791405323429,192.420904864451
1791405325460,192.062479144853
1791405327476,194.322803448724
1791405329502,194.573076438447
1791405331529,195.788995140304
1791405333546,195.720650569451
1791405335571,192.659593259999
1791405337596,195.183991787736
1791405339619,195.414652657543
1791405341638,196.340889326918
1791405343651,190.214037132769
1791405345671,193.336718644677
1791405347693,195.910927686065
1791405349719,195.5702084621
1791405351742,194.181641389928
1791405353756,195.368223748511
1791405355780,192.961502477563
1791405357804,196.167496093976
1791405359818,196.089617294613
1791405361837,196.338563313439
1791405363857,194.33018327606
1791405365876,190.804826061368
1791405367895,193.20503272399
1791405369918,191.265529860624
1791405371932,192.719678849063
1791405373945,189.450964672422
1791405375957,191.132157250992
1791405377973,194.116727523011
1791405379994,194.302834101383
1791405382019,195.023701942132
1791405384029,195.528341213664
1791405386047,193.810510598004
1791405388068,195.799625175699
1791405390088,194.982371831371
1791405392110,195.394306544003
1791405394124,195.048976371296
1791405396146,194.377422956377
1791405398176,195.979799459366
1791405400207,195.103664143291
1791405402225,196.14947807444
1791405404237,196.068463772837
1791405406258,196.169584011527
1791405408277,197.454800209084
1791405410301,196.338403724734
1791405412319,194.029698983187
1791405414335,196.352409881455
1791405416362,196.150956228407
1791405418380,197.169282719741
1791405420400,195.734384589371
1791405422425,191.516062701706
1791405424446,196.09097071396
1791405426480,192.4597342988
1791405428501,195.422800076925
1791405430523,195.97758363999
1791405432545,190.076468043105
1791405434559,188.110780201165
1791405436575,196.950604221195
1791405438597,192.247907472226
1791405440613,193.211696213613
1791405442628,188.643027527212
1791405444636,190.626194715142
1791405446660,193.326648523441
1791405448680,193.653027866622
1791405450704,197.574272610423
1791405452723,188.661148148899
1791405454745,194.942364203028
1791405456764,196.616735754936
1791405458782,195.165915301494
1791405460801,196.184436027614
1791405462813,189.319818737716
1791405464834,194.17947978114
1791405466857,196.99504907993
1791405468883,196.58092007632
1791405470907,196.388913046528
1791405472925,188.586112223635
1791405474946,194.216694792966
1791405476961,196.685282418457
1791405478979,195.776848139195
1791405480998,194.644699712823
1791405483013,188.680923951421
1791405485033,194.719715152314
1791405487048,195.984811913332
1791405489073,195.883170117515
1791405491094,195.424610662086
1791405493112,189.011710729485
1791405495133,192.486182405523
1791405497151,195.660112635704
1791405499179,196.056092977939
1791405501197,195.658805608057
1791405503218,188.476314643526
1791405505238,192.975158425873
1791405507260,194.741705970629
1791405509283,194.546586604336
1791405511302,192.21812253154
1791405513316,188.396493793078
1791405515331,190.381716291945
1791405517346,189.862420106164
1791405519360,192.848851996377
1791405521375,195.504292488826
1791405523396,189.440622013726
1791405525415,191.723698447709
1791405527438,193.597660884796
1791405529465,195.115469467608
1791405531483,194.477900295901
1791405533505,190.226528030839
1791405535526,192.185174090375
1791405537549,195.459128517579
1791405539572,196.50002140014
1791405541596,194.04202193136
1791405543613,192.042906886397
1791405545635,190.547431061939
1791405547654,194.85439509137
1791405549675,196.006613756614
1791405551697,196.647560097884
1791405553711,195.121443375379
1791405555727,192.79776525665
1791405557742,194.900274076687
1791405559754,196.101786903598
1791405561768,195.15387305473
1791405563781,195.270064178234
1791405565792,191.786760205283
1791405567808,194.087765602031
1791405569835,195.72137116164
1791405571853,195.973465170345
1791405573871,194.876385451415
1791405575896,193.669396424568
1791405577916,195.25919819713
1791405579935,194.247360097324
1791405581954,193.95619790743
1791405583967,192.129493735287
1791405585986,191.554857497864
1791405588008,191.311029783736
1791405590021,192.454199603618
1791405592042,194.748978567027
1791405594057,195.768181880661
1791405596078,193.016544580451
1791405598100,195.521117832683
1791405600120,193.143266591313
1791405602141,195.414563270348
1791405604160,194.718855981656
1791405606183,190.377309916772
1791405608200,196.637773469953
1791405610221,196.47178472497
1791405612243,195.890193580147
1791405614259,188.194430822653
1791405616277,194.711118150143
1791405618297,195.404681847202
1791405620315,195.448800705714
1791405622335,195.293813589373
1791405624344,195.731508505913
1791405626363,195.214552642981
1791405628389,195.961739181424
1791405630415,194.858647402921
1791405632434,196.200132564459
1791405634453,195.388160924352
1791405636470,196.375526780623
1791405638490,196.327307489263
1791405640507,194.981785435145
1791405642532,192.074118069836
1791405644546,196.290810380603
1791405646569,193.959134421081
1791405648586,195.520706042091
1791405650613,194.44272
1791405652626,189.473152187999
1791405654639,192.986064059132
1791405656649,193.206941920932
1791405658666,192.384833959494
1791405660679,191.067938122158
1791405662696,188.601622350226
1791405664719,196.079188111435
1791405666745,194.856657985149
1791405668767,195.38334437693
1791405670786,194.909398637636
1791405672805,189.230357250536
1791405674830,189.05602774594
1791405676842,197.23211098958
1791405678864,196.69620718021
1791405680883,195.367971210076
1791405682905,189.500627352572
1791405684934,195.196389339956
1791405686958,192.381791423082
1791405688979,195.014078802184
1791405690995,195.980056783726
1791405693017,188.532494506816
1791405695040,195.117037647705
1791405697063,196.065816319449
1791405699085,194.8942502167
1791405701108,196.377414375704
1791405703133,187.52848812095
1791405705159,188.299183553411
1791405707178,188.311751797324
1791405709205,195.828480340064
1791405711228,196.263449311072
1791405713253,188.34131561435
1791405715273,193.58650194312
1791405717305,196.501730635031
1791405719329,196.277959054424
1791405721347,195.986611754659
1791405723366,188.116035964639
1791405725378,189.722432385874
1791405727398,193.6196902156
1791405729416,193.16174697216
1791405731433,193.163345418859
1791405733448,188.776615147037
1791405735473,192.249349418194
1791405737502,195.624581297018
1791405739517,195.981916893465
1791405741537,196.238794479129
1791405743558,189.005869351214
1791405745578,193.333287966666
1791405747603,195.79630049289
1791405749627,196.128097775522
1791405751650,195.991941610593
1791405753666,190.456123015179
1791405755692,193.000901168096
1791405757714,196.291092081851
1791405759738,196.987481446215
1791405761761,195.802711645776
1791405763780,193.123940468065
1791405765798,191.372322568324
1791405767821,194.944191248427
1791405769837,193.832302098009
1791405771863,194.352204773543
1791405773889,195.074586576513
1791405775911,192.014892575782
1791405777929,194.781993494424
1791405779955,196.558811547377
1791405781980,196.398485881484
1791405783997,194.975162498386
1791405786015,190.879762252753
1791405788036,193.682265262306
1791405790057,193.413399733627
1791405792084,195.704571483766
1791405794100,188.692916817297
1791405796115,189.124130655917
1791405798132,191.333380967065
1791405800149,193.162026027361
1791405802170,191.806756175799
1791405804185,193.158417063282
1791405806203,189.948839423692
1791405808222,194.46095172886
1791405810247,194.920312698794
1791405812273,196.452779580359
1791405814287,195.647414894208
1791405816312,193.929873125721
1791405818336,194.588538120012
1791405820364,196.216553224727
1791405822388,196.523364220743
1791405824405,195.642085274389
1791405826424,194.722145609671
1791405828454,195.378070769978
1791405830477,196.096592076956
1791405832502,194.568494345242
1791405834522,195.038099990559
1791405836547,195.876563636623
1791405838570,194.722270871479
1791405840596,194.115817744899
1791405842620,194.702499970422
1791405844643,195.705993794789
1791405846666,194.786747147785
1791405848688,194.879901070975
1791405850714,194.690252883146
1791405852736,191.488756172998
1791405854751,188.351101244886
1791405856780,195.77663160636
1791405858802,194.447971460707
1791405860821,195.0467143574
1791405862841,189.776156638969
1791405864865,194.947283786618
1791405866892,194.570536775492
1791405868905,193.75063910287
1791405870920,191.33343799997
1791405872938,188.563582465049
1791405874948,192.74975227773
1791405876956,193.015614303018
1791405878967,194.426394946089
1791405880987,196.361632523843
1791405883010,189.164132039182
1791405885028,194.265461890947
1791405887053,194.868756458836
1791405889077,196.214099884847
1791405891088,195.553525627837
1791405893115,188.762436402311
1791405895130,195.919270724686
1791405897146,196.454258007143
1791405899163,196.752625470207
1791405901184,191.490662108992
1791405903200,188.343506838612
1791405905216,193.168975585513
1791405907235,194.235297267389
1791405909251,194.156270995624
1791405911268,191.027441780715
1791405913281,188.470306283612
1791405915294,193.806814822777
1791405917306,194.258597440637
1791405919324,194.36520610482
1791405921341,191.279527769965
1791405923352,188.10396420473
1791405925372,193.450117181714
1791405927393,193.739123098374
1791405929412,193.997065417494
1791405931430,194.059078987704
1791405933445,188.594309682289
1791405935458,192.533986538913
1791405937476,193.389035849477
1791405939493,189.994426069654
1791405941504,192.243538852183
1791405943517,187.909734838127
1791405945530,190.461951941266
1791405947542,189.936883901938
1791405949566,190.285313607244
1791405951589,193.442310259811
1791405953605,188.984400344546
1791405955626,194.380709299209
1791405957643,196.023417160388
1791405959665,197.025609466754
1791405961680,195.974005469565
1791405963695,188.803751157608
1791405965705,190.756021262394
1791405967721,196.003639660118
1791405969735,196.479310344828
1791405971756,196.288425633467
1791405973771,189.351873882915
1791405975778,191.950677315195
1791405977793,196.691266983257
1791405979804,197.290692744693
1791405981825,195.913644189175
1791405983838,190.277962243268
1791405985857,192.686972533374
1791405987874,196.483154703446
1791405989892,196.567350990519
1791405991914,196.199053076081
1791405993924,191.340247669981
1791405995944,193.01085617269
1791405997965,195.942002291482
1791405999987,194.510469669613
1791406002006,196.857428051002
1791406004018,195.15513157127
1791406006032,193.672525996433
1791406008050,196.914890544677
1791406010064,195.275081343376
1791406012084,194.14436190066
1791406014106,192.050078795307
1791406016123,188.672078166103
1791406018141,193.968537392338
1791406020154,193.22542070812
1791406022167,196.147684379135
1791406024184,195.756778752899
1791406026205,190.172447603873
1791406028224,195.389557092711
1791406030240,196.366688897266
1791406032259,196.774680637707
1791406034272,187.803220726616
1791406036294,192.25557690202
1791406038309,195.657950133321
1791406040321,197.089187856998
1791406042345,197.28442620582
1791406044359,195.623121667475
1791406046382,193.651502214901
1791406048394,195.560132846523
1791406050412,196.599212847252
1791406052432,196.349321705426
1791406054442,196.288312446161
1791406056458,194.72764405199
1791406058473,196.316841229857
1791406060499,196.57895411981
1791406062518,196.272916696399
1791406064535,195.474238811697
1791406066560,193.954354869449
1791406068577,197.037544932213
1791406070597,196.885840933552
1791406072612,195.975737038292
1791406074631,195.860519060495
1791406076654,194.376296277422
1791406078673,196.378802477632
1791406080692,193.974426229508
1791406082710,193.941504914221
1791406084721,193.149130723517
1791406086738,191.062197894184
1791406088748,191.767148562487
1791406090762,192.988495264819
1791406092773,193.571571865691
1791406094797,188.266235913501
1791406096808,195.583289766943
1791406098822,195.355248343026
1791406100842,195.820694276276
1791406102870,193.848486279138
1791406104888,196.616129968088
1791406106903,196.793935325373
1791406108921,194.266102576865
1791406110942,195.394014502611
1791406112963,192.292639035677
1791406114981,196.872623249459
1791406116995,196.545261303089
1791406119011,195.583593528243
1791406121030,194.484894970215
1791406123048,190.665320805695
1791406125058,194.510758027143
1791406127081,195.388531513596
1791406129093,195.473915932879
1791406131108,195.745374017019
1791406133127,189.229734721605
1791406135157,195.507901609636
1791406137174,195.172306625043
1791406139194,196.032945182159
1791406141214,196.593385104527
1791406143234,189.087310591881
1791406145253,195.350965836742
1791406147270,196.647521102164
1791406149288,196.108332405035
1791406151311,195.22480171437
1791406153326,188.683446064913
1791406155337,194.075139220016
1791406157352,193.315836354405
1791406159367,193.051010401709
1791406161383,189.578471223549
1791406163407,187.881060830303
1791406165425,194.97214423037
1791406167441,196.187942556519
1791406169456,195.373299152041
1791406171475,194.072650984538
1791406173493,188.731830108476
1791406175508,196.28511900558
1791406177532,196.339061589413
1791406179556,196.114750703992
1791406181571,196.440985633613
1791406183588,188.519720864764
1791406185605,195.507339474999
1791406187624,197.447648126278
1791406189644,196.525169511834
1791406191665,196.151470567431
1791406193676,188.97612305973
1791406195689,193.722367631168
1791406197705,195.492801771872
1791406199728,196.176813083312
1791406201746,196.192980058226
1791406203761,189.048429645396
1791406205784,192.08521097145
1791406207811,197.008370475052
1791406209828,196.24505479262
1791406211854,196.096569973396
1791406213870,188.292174477024
1791406215895,193.566398892595
1791406217916,197.007310189105
1791406219936,196.833058642888
1791406221952,196.660944265571
1791406223972,188.706635312652
1791406225989,191.014580990708
1791406228008,193.23255293433
1791406230028,193.152971078002
1791406232046,193.530724844457
1791406234058,189.94440499788
1791406236077,191.797542247302
1791406238100,196.866228165073
1791406240115,196.621164692815
1791406242140,196.535765191843
1791406244156,193.556233251829
1791406246181,191.487925722726
1791406248200,196.947621322393
1791406250217,196.967219503746
1791406252235,197.429173405976
1791406254254,195.270892237214
1791406256274,193.574160195301
1791406258287,196.367343397536
1791406260306,195.432333976442
1791406262322,187.561254220333
1791406264340,191.452912567015
1791406266362,188.758493557785
1791406268375,191.223811359548
1791406270397,190.032475740427
1791406272416,192.064072868207
1791406274434,187.354382939734
1791406276458,188.970938959539
1791406278479,191.880434782609
1791406280500,192.290723093437
1791406282516,194.430324986871
1791406284534,193.315364213902
1791406286552,189.497943230427
1791406288567,191.452448512586
1791406290591,193.432200684555
1791406292618,194.485749076701
1791406294646,195.311861450287
1791406296664,190.248045327368
1791406298679,192.477352048558
1791406300689,194.144720828627
1791406302705,194.161824095901
1791406304714,191.506038534434
1791406306728,191.434014587449
1791406308747,195.859029526207
1791406310775,196.635544465239
1791406312799,197.011899136561
1791406314816,196.462130729019
1791406316834,194.388762668164
1791406318853,196.043200490497
1791406320869,194.545938919705
1791406322887,196.434926031028
1791406324902,195.649314179273
1791406326917,195.640376501136
1791406328939,195.831695856472
1791406330962,196.751484189696
1791406332982,195.544737773374
1791406334993,189.067027079786
1791406337013,196.011019440224
1791406339033,195.097122346527
1791406341048,196.342673580444
1791406343069,194.696535758183
1791406345084,195.637122030986
1791406347107,196.390795883699
1791406349128,195.718576821139
1791406351148,195.37245780322
1791406353164,192.222921274976
1791406355184,196.240391989774
1791406357205,195.258963645702
1791406359232,195.44866338069
1791406361249,194.050427124032
1791406363263,190.691235720384
1791406365279,195.060232442028
1791406367295,193.191920380005
1791406369311,193.529432384182
1791406371328,191.170956478458
1791406373344,189.087034598348
1791406375359,192.728943351282
1791406377374,192.516987592439
1791406379387,193.777026467911
1791406381412,195.371971553218
1791406383431,189.168069931134
1791406385444,195.765907849693
1791406387464,195.790802105915
1791406389485,195.96289099145
1791406391500,196.627813065242
1791406393512,189.497470982712
1791406395535,194.696264535656
1791406397554,195.911739303292
1791406399577,195.509010424104
1791406401601,194.153464962219
1791406403620,189.161487729976
1791406405648,194.848599341502
1791406407665,194.943101016002
1791406409682,196.315936466106
1791406411705,193.72508780387
1791406413728,188.668457806194
1791406415743,194.787137870127
1791406417763,195.065653384837
1791406419791,196.041521010202
1791406421815,194.852362639278
1791406423833,189.172036461396
1791406425861,194.721709898102
1791406427875,196.332975405978
1791406429895,195.367332173913
1791406431919,195.688384029519
1791406433939,188.638837376708
1791406435959,193.932967073944
1791406437986,195.278393791684
1791406440006,192.907993335175
1791406442032,189.245486121289
1791406444045,187.50935452498
1791406446061,189.48229737389
1791406448084,193.026523515605
1791406450101,193.287608063963
1791406452129,196.527786926326
1791406454145,187.634935493937
1791406456162,194.634932595514
1791406458191,196.495875318725
1791406460215,196.591028026515
1791406462238,195.533402516539
1791406464255,189.933114668066
1791406466273,193.477187555767
1791406468298,196.889449269498
1791406470324,195.766223229398
1791406472348,196.390494503918
1791406474368,191.958586535241
1791406476387,193.542106778782
1791406478413,196.285661282037
1791406480438,195.435785889919
1791406482460,196.009183054665
1791406484477,193.843465338066
1791406486503,192.069602236078
1791406488527,195.96313007606
1791406490551,195.420252396904
1791406492577,195.64168641115
1791406494591,194.198210315093
1791406496616,192.328796360073
1791406498645,196.121823410668
1791406500666,195.587143026581
1791406502684,195.080267140596
1791406504700,193.748653409883
1791406506722,192.31397009242
1791406508741,196.305985368149
1791406510759,195.384995053551
1791406512783,194.152932738285
1791406514798,187.718192389574
1791406516814,191.111767489316
1791406518832,193.180102421946
1791406520851,193.254995486806
1791406522875,195.784052099609
1791406524893,196.014451112495
1791406526910,193.420080368751
1791406528938,195.452123109932
1791406530969,195.883093097711
1791406532989,194.889323351988
1791406535001,195.220245754444
1791406537024,192.899695247697
1791406539047,195.748691535589
1791406541066,196.673218745409
1791406543092,195.48433691307
1791406545109,195.973908983549
1791406547136,194.516061529022
1791406549159,196.075473444774
1791406551181,195.816235812006
1791406553201,194.506773604792
1791406555217,195.182421451788
1791406557241,194.707019282241
1791406559263,194.451151000274
1791406561286,195.034945527722
1791406563306,192.426716591077
1791406565325,193.526214473136
1791406567341,192.879779621794
1791406569368,195.045980428023
1791406571394,195.511310403913
1791406573416,190.447023296627
1791406575441,194.346949755815
1791406577464,196.211378771685
1791406579491,194.56194444759
1791406581513,195.801539603312
1791406583530,189.183964444616
1791406585548,193.084146158794
1791406587567,193.357398837897
1791406589586,193.877925966249
1791406591607,192.030933464997
1791406593634,188.406019320804
1791406595657,195.087629876495
1791406597673,195.651994866515
1791406599693,195.110885761589
1791406601714,195.778600996281
1791406603734,189.295758720322
1791406605755,195.657295485207
1791406607774,195.747946427287
1791406609800,194.437411095306
1791406611823,195.49734676504
1791406613838,188.420907833572
1791406615858,193.73729543497
1791406617879,194.106965369324
1791406619903,194.198124431381
1791406621925,194.468617668532
1791406623939,189.107159723102
1791406625968,191.885978776247
1791406627991,194.087799286478
1791406630005,192.613755874098
1791406632029,194.715599121176
1791406634050,187.954701610747
1791406636075,193.651611581535
1791406638097,196.099332726721
1791406640116,195.492518255457
1791406642146,194.853148887157
1791406644167,188.51455132929
1791406646189,193.065089124899
1791406648203,196.272723349158
1791406650232,196.595260521791
1791406652250,194.744850910453
1791406654271,189.090798009932
1791406656283,191.10634507653
1791406658299,194.119538588978
1791406660322,194.119666910259
1791406662335,191.00090020774
1791406664349,189.169955378326
1791406666372,192.432835642332
1791406668393,195.405011350978
1791406670418,198.025367195705
1791406672441,195.601376729091
1791406674462,190.189767309471
1791406676491,193.644962969996
1791406678515,195.604524733131
1791406680539,194.331367184559
1791406682564,189.199507345198
1791406684584,191.713234650849
1791406686598,190.797752245665
1791406688622,194.732145860194
1791406690643,196.242010264186
1791406692668,194.119993020491
1791406694683,188.148866526422
1791406696706,193.456271051647
1791406698730,195.020654583033
1791406700751,195.047629139821
1791406702778,195.761587614819
1791406704797,194.132078581317
1791406706826,194.193993506494
1791406708845,195.581767620446
1791406710872,196.381288872018
1791406712889,195.886545284417
1791406714907,195.425420168067
1791406716925,193.333108514995
1791406718945,196.059529892693
1791406720970,195.533174231206
1791406722994,196.332959370607
1791406725012,195.731039434597
1791406727032,189.917365978873
1791406729053,193.19837259025
1791406731070,194.154984821213
1791406733089,193.158889456711
1791406735098,191.824208345664
1791406737117,192.859819110189
1791406739138,196.236622998544
1791406741161,195.877614590763
1791406743180,195.257846594517
1791406745194,194.435728501819
1791406747216,193.38776376282
1791406749230,195.218489318777
1791406751252,195.996149392413
1791406753278,195.199701644879
1791406755295,193.374778460933
1791406757321,194.236452611387
1791406759345,195.378757291826
1791406761373,196.049940009881
1791406763398,195.458835622839
1791406765413,194.060219472543
1791406767444,194.52568352258
1791406769469,196.261009386951
1791406771495,196.124850596892
1791406773511,192.946726993305
1791406775533,195.345893458161
1791406777555,195.103119743785
1791406779576,196.036813527099
1791406781590,195.935458411891
1791406783608,190.952865138169
1791406785631,195.692952610649
1791406787655,195.546832910028
1791406789677,196.377098554609
1791406791703,196.415267668055
1791406793727,188.997943218129
1791406795746,195.046845150007
1791406797763,193.995741443456
1791406799779,194.136942988938
1791406801791,186.852373523512
1791406803805,186.720700089965
1791406805816,187.833141801544
1791406807836,188.419388604734
1791406809856,193.653201597418
1791406811876,192.5481501461
1791406813896,188.695932051043
1791406815913,191.365439487786
1791406817932,190.541741230161
1791406819956,190.786123332359
1791406821982,193.256330161913
1791406823998,188.379307362854
1791406826023,193.758373668925
1791406828044,192.9694543729
1791406830069,190.976444689892
1791406832091,194.392573871427
1791406834107,188.602707756016
1791406836120,192.057658177495
1791406838147,191.866930107002
1791406840174,192.817143823091
1791406842195,193.921933869297
1791406844213,188.665893794771
1791406846238,193.362055953618
1791406848261,193.487997687172
1791406850282,193.467487058783
1791406852304,195.172943740231
1791406854320,188.97066433665
1791406856341,193.99416969263
1791406858373,196.244772691833
1791406860393,194.274348528936
1791406862408,195.86211374048
1791406864430,189.138821774967
1791406866444,191.186543474791
1791406868472,196.148315688162
1791406870489,192.984676148018
1791406872511,193.202780078184
1791406874533,186.972059527459
1791406876549,191.125085800577
1791406878573,192.458686803865
1791406880588,190.386884003685
1791406882606,196.418886955576
1791406884627,189.382934794606
1791406886649,192.227457844682
1791406888675,196.140887391182
1791406890700,195.518802212025
1791406892725,195.140859469959
1791406894743,191.612245960082
1791406896768,192.11182627128
1791406898788,196.420954709038
1791406900811,195.427838558221
1791406902835,194.49815447554
1791406904853,194.834742754661
1791406906877,193.299131621679
1791406908902,194.820984730272
1791406910927,195.800564567323
1791406912953,195.895985993878
1791406914972,194.221816424083
1791406916998,194.242571391439
1791406919023,196.475584304294
1791406921044,195.505018460276
1791406923063,195.749760331649
1791406925079,195.891347216201
1791406927105,192.757345669891
1791406929126,194.675355450237
1791406931150,197.307339252162
1791406933176,196.537791506651
1791406935186,191.39031453624
1791406937208,194.786604067381
1791406939224,195.301221650049
1791406941244,194.145566100521
1791406943268,192.117340864868
1791406945280,190.648733350744
1791406947296,191.627445637364
1791406949309,192.283558194075
1791406951328,193.897093229045
1791406953347,194.403777760215
1791406955367,193.927433857021
1791406957389,193.780948851001
1791406959413,195.175994669713
1791406961438,195.588442555525
1791406963465,194.781865308535
1791406965482,194.451847855409
1791406967504,193.075742128225
1791406969524,195.730992520558
1791406971550,195.356778275396
1791406973567,194.440494396384
1791406975581,193.280452182349
1791406977597,195.795111338623
1791406979622,195.890022675737
1791406981643,195.534082091076
1791406983669,194.079242962241
1791406985689,193.831903172532
1791406987705,192.108459385071
1791406989728,194.98815771083
1791406991741,190.80980933844
1791406993761,190.628739461518
1791406995783,193.918223268128
1791406997796,195.38877059741
1791406999820,195.083227684977
1791407001841,195.784062276211
1791407003856,189.829326906477
1791407005868,193.984843435794
1791407007881,194.715518150562
1791407009908,195.516470034381
1791407011931,195.58657719795
1791407013940,188.889666221123
1791407015951,190.450445919164
1791407017964,190.782407701595
1791407019979,193.116804509949
1791407021989,193.364587425877
1791407024002,188.742192337832
1791407026026,193.935673818977
1791407028043,192.398815488723
1791407030068,195.091883527922
1791407032093,196.505687825094
1791407034112,188.910376410385
1791407036135,195.345081463457
1791407038146,190.284574983318
1791407040165,186.404970511856
1791407042197,180.4179771561
1791407044216,184.545959619682
1791407046244,195.335770300684
1791407048267,190.679877637321
1791407050287,194.635618426858
1791407052314,196.263582680008
1791407054328,186.994532739987
1791407056350,194.986810018458
1791407058377,197.042687667367
1791407060401,195.90981362316
1791407062426,196.444627056217
1791407064446,188.395033014908
1791407066473,194.391171395219
1791407068484,195.84487677635
1791407070508,194.436910185486
1791407072521,195.838482977503
1791407074539,188.767319126978
1791407076558,194.279527559055
1791407078582,194.818880518962
1791407080611,195.930876936486
1791407082633,196.431484163285
1791407084641,188.302077811476
1791407086657,191.816857966675
1791407088674,191.56112614393
1791407090685,191.517340973144
1791407092695,193.366809240147
1791407094707,189.268995628984
1791407096719,192.573625801566
1791407098732,195.734435688327
1791407100758,191.029525354784
1791407102775,195.81771190313
1791407104791,189.980379203277
1791407106806,193.249465327872
1791407108827,197.316761178228
1791407110850,195.793986020439
1791407112872,197.371513077771
1791407114886,187.823076053365
1791407116906,192.598227354041
1791407118924,196.007502664094
1791407120946,196.16637779226
1791407122971,196.194992533743
1791407124993,194.24211901006
1791407127012,194.236121980001
1791407129037,195.886527579802
1791407131050,196.098702008864
1791407133075,195.588135079335
1791407135095,195.867533777796
1791407137117,193.780475480052
1791407139141,195.857780568714
1791407141163,195.987685498568
1791407143187,196.638346212845
1791407145208,195.584977018316
1791407147230,194.749920007876
1791407149256,197.236089097702
1791407151281,194.805355984055
1791407153304,195.579909365559
1791407155316,192.511697995676
1791407157330,190.821070444183
1791407159347,192.126476272278
1791407161357,191.378639165302
1791407163377,190.230021531836
1791407165386,192.89825871727
1791407167402,192.905719860097
1791407169419,195.232722784217
1791407171449,195.508469801453
1791407173474,195.077068409037
1791407175491,194.12554856155
1791407177514,193.583554747588
1791407179529,196.328920096443
1791407181555,195.7325049237
1791407183580,194.06685854978
1791407185598,194.228149234961
1791407187623,194.292186118917
1791407189648,195.775173758264
1791407191671,195.433620689655
1791407193695,195.530302828442
1791407195713,194.943040720056
1791407197729,195.745803730646
1791407199754,195.62757432262
1791407201780,196.285142099435
1791407203796,194.320401167957
1791407205814,195.640808650682
1791407207830,195.73397864288
1791407209856,195.397836605306
1791407211868,194.199726271128
1791407213889,191.359078176947
1791407215906,194.100272514101
1791407217924,195.105631451546
1791407219948,191.883669846237
1791407221969,195.184054892053
1791407223979,189.453511616246
1791407225993,194.345143892843
1791407228015,189.857884067202
1791407230036,188.651953790888
1791407232046,193.080656288696
1791407234065,188.110490014275
1791407236087,190.034839705871
1791407238102,192.927537554321
1791407240127,195.337498637305
1791407242140,195.153876978561
1791407244161,188.300415216609
1791407246181,193.662592213666
1791407248203,193.98468678081
1791407250231,195.501863817097
1791407252258,195.598219111832
1791407254280,189.237085381899
1791407256299,194.053917731977
1791407258322,194.506592111394
1791407260339,195.889659245925
1791407262357,196.225492047353
1791407264373,189.111041364404
1791407266395,194.53525913339
1791407268411,196.379411295816
1791407270430,196.374679979519
1791407272450,195.899832104949
1791407274464,189.383220932145
1791407276475,194.660997619992
1791407278494,196.160952078338
1791407280517,191.429894491139
1791407282540,196.789414194413
1791407284557,188.886281528252
1791407286578,193.730542961407
1791407288602,195.397926308522
1791407290614,195.107041697786
1791407292631,196.630732192541
1791407294651,187.375833643238
1791407296671,192.842826604912
1791407298687,192.446735026765
1791407300703,193.883118395128
1791407302720,193.414788919373
1791407304745,188.561100158079
1791407306760,191.337869330922
1791407308774,193.191797169739
1791407310798,194.807588451153
1791407312822,196.799648802416
1791407314840,189.308155045248
1791407316863,193.807992499707
1791407318888,195.351759163845
1791407320909,196.717904375806
1791407322934,196.452447471044
1791407324954,189.911674382362
1791407326980,192.529774002114
1791407329000,196.62464207751
1791407331016,196.560369223475
1791407333041,196.767320909799
1791407335054,190.846055223016
1791407337071,195.0444466665
1791407339089,197.135244118244
1791407341109,195.7324932341
1791407343127,195.90847250455
1791407345143,192.477534986496
1791407347162,192.728571936436
1791407349177,195.683410177492
1791407351195,196.424907801418
1791407353217,195.468432358797
1791407355232,189.15239794522
1791407357253,192.963089239792
1791407359276,195.5787643848
1791407361299,193.743204945771
1791407363328,194.593895677599
1791407365344,195.05303641547
1791407367365,194.376625385155
1791407369389,190.761757683876
1791407371404,191.476151297167
1791407373416,194.116325258283
1791407375438,191.943841043769
1791407377448,190.657882909521
1791407379465,192.66467308667
1791407381487,194.669976960356
1791407383502,195.409360715017
1791407385514,195.370843810139
1791407387537,193.39034044057
1791407389560,195.630777107433
1791407391588,196.13847530608
1791407393608,195.219497780282
1791407395627,195.168596793428
1791407397651,193.29744602454
1791407399679,195.669379818043
1791407401700,194.715346602233
1791407403723,196.579342540901
1791407405744,196.017458722995
1791407407764,192.317879856989
1791407409784,195.622722580285
1791407411811,194.749860050891
1791407413835,195.361972201821
1791407415851,194.185745286857
1791407417871,194.236421194911
1791407419888,196.060664843139
1791407421909,194.35084202085
1791407423928,191.387239762362
1791407425944,191.477714981102
1791407427966,195.137002179637
1791407429983,195.106476414962
1791407432007,194.943737103733
1791407434029,191.988162925689
1791407436049,196.550010408716
1791407438071,195.865598264189
1791407440098,196.066841738131
1791407442114,191.275048279428
1791407444129,189.827549060093
1791407446145,192.668880278831
1791407448158,193.049334309966
1791407450181,193.355823486031
1791407452195,194.181108400882
1791407454216,189.714504807409
1791407456241,194.85357848108
1791407458267,194.827604620444
1791407460289,191.083634181082
1791407462307,195.879515966387
1791407464330,188.770021216813
1791407466354,193.287915662798
1791407468374,193.676849685201
1791407470399,196.281533101045
1791407472424,196.28465609928
1791407474442,187.814060676346
1791407476463,195.665472819146
1791407478479,196.982086949063
1791407480501,195.835636190556
1791407482522,196.548849711892
1791407484537,189.091852045855
1791407486554,193.48746144394
1791407488583,195.172104782639
1791407490605,195.972372016366
1791407492627,195.939834513728
1791407494649,188.858935376429
1791407496674,195.440780939922
1791407498700,195.360197232121
1791407500726,194.115236690287
1791407502747,195.990038897102
1791407504766,188.862023640341
1791407506788,193.845103877421
1791407508815,195.594645998084
1791407510840,195.4293867313
1791407512859,192.743881601196
1791407514884,188.665010911627
1791407516898,189.920267994949
1791407518908,193.173817563169
1791407520926,191.252620770866
1791407522934,189.041105685385
1791407524952,188.820605888183
1791407526974,191.953665179805
1791407528990,193.10095292747
1791407531014,194.25936212311
1791407533035,193.736534792918
1791407535054,187.019117599327
1791407537073,192.351215301518
1791407539092,194.562296809689
1791407541114,193.47094141754
1791407543139,193.382872135449
1791407545161,189.083994192947
1791407547185,189.495956757068
1791407549208,192.66274513265
1791407551227,192.119462148298
1791407553249,193.894843759875
1791407555269,190.587335783134
1791407557293,191.589974598035
1791407559315,191.561671278089
1791407561333,194.212802612115
1791407563356,193.401003818482
1791407565372,191.989662181636
1791407567395,190.171824307462
1791407569419,190.85071942446
1791407571447,193.149366720047
1791407573470,194.738734149778
1791407575492,196.155971347246
1791407577513,193.595230090127
1791407579533,194.951288807424
1791407581550,195.494106293513
1791407583568,195.093117810393
1791407585587,192.60338580493
1791407587599,191.048258046279
1791407589613,192.831604970505
1791407591631,189.455031545449
1791407593649,193.044536096472
1791407595663,192.84372466134
1791407597679,192.916812916813
1791407599706,195.507500621598
1791407601734,196.129523550971
1791407603758,196.323578227625
1791407605779,194.829378958314
1791407607804,194.750532054808
1791407609829,193.869754462796
1791407611853,195.858345060512
1791407613873,196.011570762934
1791407615891,195.344257721687
1791407617916,193.129445775362
1791407619940,191.810980535467
1791407621958,193.45994269341
1791407623980,195.870760167019
1791407626001,195.527092932396
1791407628026,193.614788885897
1791407630051,195.363157951378
1791407632068,195.390734510793
1791407634089,195.366142580228
1791407636106,195.995429757048
1791407638125,195.231495825508
1791407640152,191.954074516033
1791407642180,194.900819653674
1791407644204,193.538995488722
1791407646225,194.753926157046
1791407648245,195.501624148312
1791407650268,195.081577213249
1791407652282,195.35251425011
1791407654304,188.747617002127
1791407656319,193.982316925105
1791407658340,193.07966926413
1791407660355,193.104827082925
1791407662370,193.104882522798
1791407664383,189.235337696012
1791407666392,192.375193876863
1791407668408,194.966689617185
1791407670435,195.158622087998
1791407672458,194.503125261601
1791407674481,189.279284053816
1791407676503,194.827964016073
1791407678523,194.518491761372
1791407680552,195.131417791731
1791407682579,194.686757205186
1791407684600,188.86994412476
1791407686623,194.764838252764
1791407688639,195.745858928193
1791407690665,196.611853993495
1791407692688,194.443984367731
1791407694711,189.103858959176
1791407696734,194.601549790753
1791407698756,196.246857892973
1791407700783,192.158761871396
1791407702806,194.284288070368
1791407704821,188.815387879356
1791407706841,195.513555926076
1791407708866,195.865777790149
1791407710888,196.709823022754
1791407712914,195.379692792062
1791407714938,187.058206232909
1791407716960,196.004683191775
1791407718981,196.815065746125
1791407720999,196.022498486491
1791407723019,196.285997150997
1791407725036,188.822722815516
1791407727056,193.387466135051
1791407729077,193.26486869492
1791407731096,193.075597755871
1791407733108,192.36424938618
1791407735125,188.647837472702
1791407737140,192.747101864326
1791407739167,196.395267157992
1791407741192,196.904888915379
1791407743216,196.112607081668
1791407745237,189.568980208041
1791407747256,193.7183170607
1791407749276,196.647602418874
1791407751291,195.665132966341
1791407753308,196.599168381221
1791407755325,189.343809294011
1791407757343,192.863912808433
1791407759363,197.248593328357
1791407761381,196.780311533302
1791407763396,197.054110151779
1791407765411,190.582899255315
1791407767426,192.824129318718
1791407769446,196.548314023115
1791407771469,196.228132734824
1791407773490,195.81160920016
1791407775505,190.926828790855
1791407777520,192.043862921198
1791407779538,196.72599852765
1791407781553,195.997270362104
1791407783570,195.850453755551
1791407785579,193.233547798774
1791407787593,193.300005460005
1791407789614,196.719690944211
1791407791628,196.447686992669
1791407793647,195.805447417102
1791407795658,195.539444292041
1791407797670,193.538223240116
1791407799680,193.19349374916
1791407801696,193.975669417459
1791407803718,193.333201403731
1791407805726,193.504378885187
1791407807745,190.765154547476
1791407809757,193.531167715815
1791407811781,195.105153345788
1791407813805,196.027604643184
1791407815821,195.463208701942
1791407817845,192.728063955239
1791407819874,195.226626055442
1791407821894,195.040196145202
1791407823921,196.067704159813
1791407825933,194.917820008183
1791407827959,191.411192582431
1791407829981,194.348586872409
1791407831996,196.330711309306
1791407834020,195.72335682153
1791407836049,195.139080380054
1791407838072,192.985019928568
1791407840090,194.567395539636
1791407842102,196.010992666935
1791407844123,195.693249039782
1791407846137,196.182946705058
1791407848159,195.066683451426
1791407850180,195.292132629297
1791407852197,197.026515096452
1791407854210,196.438126996581
1791407856226,195.576629435883
1791407858244,194.922157914299
1791407860259,195.762596800489
1791407862282,196.329070697834
1791407864308,197.188775368169
1791407866328,194.099682196071
1791407868346,195.185356460137
1791407870367,194.199055291527
1791407872385,193.350547385693
1791407874401,193.607778067161
1791407876427,193.084451911105
1791407878447,192.696253240123
1791407880460,189.079191349206
1791407882481,195.533794225295
1791407884497,194.312742222127
1791407886519,195.9037109375
1791407888544,195.793080570031
1791407890563,195.459765746467
1791407892584,194.941177239513
1791407894599,187.544670784507
1791407896611,196.475698162946
1791407898634,196.267254222185
1791407900657,195.443928296289
1791407902673,194.741886836568
1791407904689,189.824578919389
1791407906707,195.997482865703
1791407908721,196.539970307771
1791407910744,196.042801801915
1791407912765,196.073274958664
1791407914787,188.855374419996
1791407916806,195.861414430044
1791407918830,197.019273962603
1791407920849,197.440129590888
1791407922869,196.397089171283
1791407924883,189.076262083781
1791407926903,193.150985303152
1791407928915,196.793472876774
1791407930937,197.35740785149
1791407932953,197.175715968758
1791407934965,189.174025467701
1791407936988,194.324118610244
1791407939005,195.74426173347
1791407941018,193.853084811981
1791407943038,192.891569360306
1791407945056,188.732990777703
1791407947068,192.464371907284
1791407949086,193.367355956168
1791407951105,193.277566097814
1791407953131,195.16979263049
1791407955147,187.088689820062
1791407957171,196.779962679182
1791407959184,197.172256584488
1791407961207,196.27684268268
1791407963230,195.504736415819
1791407965243,188.956634830727
1791407967263,194.72155779625
1791407969285,195.687601178863
1791407971298,196.427690059666
1791407973313,194.012973340848
1791407975328,189.280777156908
1791407977342,194.582492257927
1791407979360,196.142172010235
1791407981379,196.821452140375
1791407983398,195.773122838335
1791407985410,189.232607228193
1791407987428,193.939901184594
1791407989444,197.854696264471
1791407991461,197.276137939002
1791407993477,197.628709053073
1791407995491,188.422032434978
1791407997508,191.914446552949
1791407999531,196.27161885968
1791408001548,196.78287786449
1791408003569,195.894257051677
1791408005586,189.864580130639
1791408007606,193.207381231936
1791408009623,195.817628747281
1791408011636,196.384653350366
1791408013655,192.573801706573
1791408015676,189.069446307808
1791408017692,189.573843638674
1791408019702,193.195570818474
1791408021713,193.534296736487
1791408023726,193.990006817611
1791408025741,191.058325083216
1791408027754,191.923186492826
1791408029764,197.064253767484
1791408031787,195.661522413226
1791408033810,196.228132940043
1791408035823,194.084016840452
1791408037837,191.908687756474
1791408039857,196.065441228256
1791408041875,196.154997810379
1791408043894,196.023925717987
1791408045910,195.941867035855
1791408047925,193.922992929577
1791408049946,197.348036100165
1791408051967,196.492980411742
1791408053991,196.491242184302
1791408056001,194.967919870212
1791408058021,192.941470409316
1791408060037,192.4169892217
1791408062057,195.712182224316
1791408064076,195.479345306656
1791408066094,195.065469964664
1791408068116,192.621050451766
1791408070132,196.568444050951
1791408072156,196.077165467626
1791408074166,191.549569796417
1791408076188,196.226871705225
1791408078198,192.576347373086
1791408080207,195.49029900604
1791408082230,195.684871983421
1791408084253,194.818138733803
1791408086285,192.970213096234
1791408088306,190.972825521826
1791408090319,190.150409204844
1791408092333,192.433105088718
1791408094346,192.488343927084
1791408096365,195.405286064931
1791408098383,193.463977456557
1791408100407,194.824714702831
1791408102431,194.737296128697
1791408104451,195.510868042912
1791408106473,195.605972153703
1791408108498,195.492740957176
1791408110522,195.527413092753
1791408112547,196.190789286426
1791408114566,194.258358765301
1791408116591,195.894207275223
1791408118613,196.430610461487
1791408120639,191.098682061739
1791408122658,196.050968210769
1791408124678,192.907685768784
1791408126702,195.605679815449
1791408128708,195.425952608528
1791408130735,195.592042282956
1791408132759,195.876924378278
1791408134771,187.532073500953
1791408136793,196.343611127143
1791408138813,196.379491419702
1791408140829,194.977655130121
1791408142845,196.661597386504
1791408144866,190.89348276836
1791408146876,196.65160198355
1791408148892,196.094294465418
1791408150913,194.719962748015
1791408152924,195.385786295354
1791408154940,189.451291065729
1791408156956,193.334513704456
1791408158975,191.719360448556
1791408160994,192.319023466145
1791408163017,190.569071490514
1791408165038,188.533979655406
1791408167054,193.447503028152
1791408169078,195.984680898131
1791408171105,196.325888936288
1791408173127,194.569815852682
1791408175148,189.099295508087
1791408177176,194.883089686816
1791408179195,195.527180765907
1791408181219,194.558789436197
1791408183240,194.630378989859
1791408185258,189.531180975703
1791408187283,195.104267014994
1791408189310,195.006948332544
1791408191330,195.321635057005
1791408193354,195.85752814873
1791408195370,188.53890176973
1791408197394,194.3814451732
1791408199415,196.57939926783
1791408201435,196.563846648105
1791408203456,195.827710453349
1791408205469,189.233815207006
1791408207489,194.107638472785
1791408209514,195.888152444076
1791408211535,195.651069537794
1791408213555,194.678756476684
1791408215574,188.697638561563
1791408217596,193.254848106534
1791408219622,197.1269497523
1791408221643,196.236257845001
1791408223666,194.331560788422
1791408225685,188.504437093182
1791408227706,191.587944532022
1791408229727,192.457969407915
1791408231749,192.401022502123
1791408233758,191.352384655262
1791408235770,187.748876506297
1791408237784,190.277317116742
1791408239798,196.117746446877
1791408241814,195.638287308493
1791408243831,194.867757744355
1791408245848,190.605477695338
1791408247868,194.128994675581
1791408249893,196.670880522116
1791408251919,196.813251441319
1791408253941,195.285566269721
1791408255954,191.950266463112
1791408257979,192.52493441367
1791408260000,195.490777293297
1791408262024,197.036706134074
1791408264048,195.788918280054
1791408266063,194.470403485221
1791408268087,192.848747307561
1791408270104,195.836212777041
1791408272127,196.183053738982
1791408274149,196.175765445599
1791408276170,194.175965758959
1791408278193,192.808206805086
1791408280216,194.365375713624
1791408282233,195.537828440033
1791408284261,196.099135316604
1791408286283,194.495771904193
1791408288300,193.536789031049
1791408290325,196.920503985751
1791408292338,196.494474168933
1791408294358,196.651901248581
1791408296379,195.174713970237
1791408298398,191.779636693578
1791408300421,190.621393025167
1791408302432,192.972898415328
1791408304448,193.157104745244
1791408306460,192.927442983186
1791408308473,189.445826428827
1791408310493,194.286759189797
1791408312514,197.052569845823
1791408314531,188.320191115819
1791408316539,195.183748086843
1791408318559,193.219834671927
1791408320583,196.781381306175
1791408322598,195.809016809567
1791408324622,196.149129051472
1791408326641,194.719896773496
1791408328659,192.856771650578
1791408330678,195.76717579168
1791408332706,195.021640060035
1791408334725,195.515215852795
1791408336744,195.830895146361
1791408338762,194.556030265879
1791408340781,196.53418598078
1791408342807,196.629552251621
1791408344826,195.273948980199
1791408346842,194.982508023234
1791408348858,193.706420996346
1791408350879,195.961498367761
1791408352902,196.292011453114
1791408354921,192.003377703525
1791408356940,195.546037126288
1791408358962,195.082798133346
1791408360986,190.92010908066
1791408363013,196.98512258649
1791408365032,189.585405661318
1791408367049,196.434524822695
1791408369073,195.683654994889
1791408371092,193.044571545942
1791408373111,193.3543489831
1791408375136,187.032234069588
1791408377152,192.945061598621
1791408379174,192.855723010677
1791408381196,192.042921329066
1791408383222,195.785650440532
1791408385242,188.926894017921
1791408387266,194.848387313986
1791408389283,195.691485020334
1791408391306,195.450240171289
1791408393328,195.131306757387
1791408395345,189.030282445885
1791408397369,195.288334175418
1791408399388,196.130373502467
1791408401414,195.535860248623
1791408403438,195.691357691789
1791408405454,189.733044893954
1791408407474,194.805855888542
1791408409491,196.943613099111
1791408411516,194.45745187901
1791408413535,195.56591914859
1791408415546,189.364785734829
1791408417570,195.910372079528
1791408419595,196.147816046074
1791408421617,194.621272332234
1791408423637,195.363806946554
1791408425654,189.739991056088
1791408427675,192.801774105353
1791408429695,195.934991344801
1791408431721,193.715166169938
1791408433739,195.075168756572
1791408435758,189.119499705443
1791408437777,193.853289396258
1791408439794,195.85164923572
1791408441819,194.367328040834
1791408443839,191.164873533056
1791408445856,188.800926156001
1791408447872,190.873857748469
1791408449888,193.966409589705
1791408451896,193.090628738535
1791408453916,193.932163975816
1791408455939,189.431484845115
1791408457960,193.314635237953
1791408459985,196.444694848824
1791408462006,196.559441241191
1791408464023,195.823747731896
1791408466039,191.368276218924
1791408468054,192.954865530812
1791408470071,194.272863463262
1791408472090,195.515367928781
1791408474108,194.319398808111
1791408476125,192.300768480002
1791408478140,192.76403459508
1791408480163,191.545759704387
1791408482179,195.209681107181
1791408484195,194.18944603084
1791408486209,193.16291485977
1791408488223,192.583800111101
1791408490239,193.857497832996
1791408492259,194.892481456014
1791408494272,190.117861078328
1791408496296,193.510317785581
1791408498317,193.08274234427
1791408500332,196.08859620302
1791408502350,194.35599251544
1791408504373,194.939161844474
1791408506387,193.092798316666
1791408508406,192.853899364052
1791408510429,195.518380648696
1791408512450,196.779944055944
1791408514472,193.607530897128
1791408516489,190.603565477074
1791408518503,191.819169288662
1791408520517,192.733158858937
1791408522536,192.364204855487
1791408524558,193.093213270142
1791408526574,195.633435874065
1791408528591,192.776870601494
1791408530609,195.807382673779
1791408532631,195.879847546451
1791408534655,196.571730894453
1791408536673,194.273967097502
1791408538693,192.864706832499
1791408540712,188.821793184145
1791408542729,196.931942182992
1791408544751,197.267408787052
1791408546762,193.310822461713
1791408548778,194.205522816929
1791408550796,196.748465025535
1791408552820,196.302294404335
1791408554833,188.083551035641
1791408556844,194.352334954593
1791408558866,194.027579864151
1791408560890,196.402777373007
1791408562908,197.605432472146
1791408564928,195.906240562282
1791408566938,196.192826774768
1791408568949,194.429811443433
1791408570970,196.567300936348
1791408572990,196.992398624648
1791408575015,194.489860054014
1791408577031,196.721663256025
1791408579048,195.520759317311
1791408581063,197.370734229576
1791408583080,196.827770549301
1791408585101,191.274030317191
1791408587120,192.731100495463
1791408589136,193.942030610045
1791408591152,193.675003895187
1791408593170,194.527165228507
1791408595180,189.955454182585
1791408597193,195.881826038052
1791408599215,195.004676713917
1791408601235,195.69654665687
1791408603257,196.369633279791
1791408605279,189.407216613125
1791408607293,196.238604098189
1791408609310,195.260182101856
1791408611324,196.590825020025
1791408613345,196.549841705657
1791408615373,187.984708159443
1791408617394,196.740999131434
1791408619406,194.084459304722
1791408621429,196.076833063292
1791408623449,196.307384615385
1791408625466,189.247147551458
1791408627486,196.231096162236
1791408629502,193.913146189126
1791408631518,195.226293631264
1791408633533,197.147826946708
1791408635542,189.536890430403
1791408637560,195.619759970562
1791408639582,196.133366718941
1791408641607,195.594906534668
1791408643623,195.310907306969
1791408645647,188.845974532044
1791408647669,194.333064151873
1791408649685,194.969032019669
1791408651701,195.103519619501
1791408653722,195.726164556435
1791408655739,188.920994641998
1791408657758,192.145166254877
1791408659775,193.234853489992
1791408661787,192.962270687893
1791408663808,193.271508543223
1791408665816,188.917848204888
1791408667831,191.901693389902
1791408669866,195.973374886157
1791408671882,194.255710099679
1791408673899,196.045122446218
1791408675921,188.632256414628
1791408677935,193.213312462201
1791408679953,195.04259103781
1791408681975,194.736825107556
1791408683986,195.513214925414
1791408686000,188.81956292956
1791408688016,193.369685048644
1791408690031,194.659021630616
1791408692046,192.258731335189
1791408694062,193.500788643533
1791408696075,189.040995799269
1791408698090,192.751561284849
1791408700114,195.419487552651
1791408702133,194.84804261374
1791408704159,194.048405592555
1791408706182,189.937943171777
1791408708199,192.367639894406
1791408710221,195.98137407191
1791408712246,196.149191589758
1791408714265,194.685690802436
1791408716283,191.208166643675
1791408718304,192.232801456056
1791408720325,191.393130046136
1791408722347,195.142644161653
1791408724371,195.048558307611
1791408726388,195.380410022779
1791408728398,191.32465376955
1791408730416,193.37131627201
1791408732433,193.30299398031
1791408734445,188.07072647776
1791408736468,192.461628793522
1791408738478,191.245807748219
1791408740501,195.750293723872
1791408742523,194.699911652106
1791408744543,193.210643763743
1791408746559,194.913492817842
1791408748584,193.421195140328
1791408750603,195.509531047369
1791408752632,195.048916158616
1791408754655,194.792971361869
1791408756678,194.273350826313
1791408758703,193.241763612091
1791408760720,195.401766774184
1791408762747,196.03208548561
1791408764771,195.616554013993
1791408766793,194.211017855674
1791408768814,193.68202791358
1791408770828,195.657875519605
1791408772846,195.351383546702
1791408774867,195.882228545063
1791408776887,195.193838015915
1791408778907,193.349866377839
1791408780930,191.119231037368
1791408782943,195.025344169846
1791408784972,195.480210459095
1791408786990,194.714866108237
1791408789005,192.434805742186
1791408791028,191.195126460583
1791408793051,196.246373268134
1791408795062,187.624042743325
1791408797085,195.604725954594
1791408799113,196.243795052709
1791408801128,192.868141882626
1791408803143,193.044722044336
1791408805160,192.679217969913
1791408807173,192.25162895675
1791408809186,189.6930181807
1791408811206,192.089604295257
1791408813220,196.459598425875
1791408815233,191.85613486403
1791408817247,194.302826906512
1791408819275,195.436640849405
1791408821298,196.806976209631
1791408823326,195.523109934912
1791408825349,190.429515295766
1791408827369,194.604780903822
1791408829389,194.132781803894
1791408831412,194.944050098468
1791408833432,196.361859944621
1791408835449,189.969841451476
1791408837470,195.951411593442
1791408839488,193.720202560381
1791408841511,195.95030301318
1791408843532,195.866455185306
1791408845554,189.230653984182
1791408847574,196.24912620018
1791408849595,195.470621726258
1791408851617,197.694723436279
1791408853637,195.683275852478
1791408855651,189.565253547337
1791408857673,195.575568519419
1791408859697,196.226512621878
1791408861723,196.677396963124
1791408863744,196.6940661002
1791408865769,189.246529970265
1791408867790,194.97119527307
1791408869813,194.149761733962
1791408871832,192.444310686855
1791408873854,190.223512406649
1791408875864,188.290663328269
1791408877877,192.609769919529
1791408879898,191.888969142789
1791408881915,191.904072502619
1791408883938,195.222665337321
1791408885952,188.990871809211
1791408887975,194.574800120889
1791408889998,194.707172705809
1791408892020,194.2293676178
1791408894041,195.557283915469
1791408896057,188.901334822675
1791408898067,194.267910767911
1791408900094,193.113904951035
1791408902113,194.683447301498
1791408904129,195.694825423227
1791408906148,189.237656533166
1791408908169,192.817832759784
1791408910193,195.824985870765
1791408912223,194.569682936335
1791408914242,192.644619202823
1791408916256,189.12145176558
1791408918282,193.110563528668
1791408920305,195.036861633947
1791408922326,195.746414708122
1791408924349,188.110761036274
1791408926376,183.253420741087
1791408928398,185.613377696473
1791408930415,196.214240907574
1791408932433,194.730679702048
1791408934451,194.142404196187
1791408936467,191.476837696873
1791408938487,193.417661125967
1791408940505,195.568281206753
1791408942523,192.78025006586
1791408944540,194.011258351482
1791408946553,192.059364286806
1791408948566,190.179486028168
1791408950577,191.88607066837
1791408952587,190.892147717715
1791408954608,196.005515690265
1791408956631,194.303038443973
1791408958647,191.070067327473
1791408960666,194.402911907446
1791408962683,193.816581266881
1791408964705,193.179664668615
1791408966719,196.691337574298
1791408968740,192.643926586312
1791408970760,195.695004796197
1791408972786,194.49373662928
1791408974809,188.192605448412
1791408976839,195.709949527342
1791408978855,194.600517771165
1791408980878,195.657768711026
1791408982901,196.439404719554
1791408984916,196.019329437096
1791408986931,196.245338524767
1791408988956,194.227035791497
1791408990972,196.374194195341
1791408992993,197.305065600834
1791408995015,196.193762083475
1791408997033,195.671574017221
1791408999052,193.951876549748
1791409001071,194.959279159204
1791409003089,196.42811637602
1791409005110,195.758330954032
1791409007126,193.488708113605
1791409009141,194.22381740252
1791409011160,197.026723498349
1791409013180,196.747779629984
1791409015204,192.024854520601
1791409017221,192.238026432869
1791409019233,192.729482075154
1791409021246,193.440363414769
1791409023257,193.153724502104
1791409025275,194.682431501404
1791409027298,193.785189142731
1791409029321,196.490993301981
1791409031342,196.300439534793
1791409033370,196.838020067279
1791409035386,189.871662684052
1791409037415,194.161528362533
1791409039437,196.518860573177
1791409041456,196.216610785136
1791409043473,195.589137767992
1791409045494,188.421296093989
1791409047519,196.104232439429
1791409049537,194.903950651511
1791409051553,196.425017186152
1791409053577,196.574415139108
1791409055597,189.933851360953
1791409057615,196.063751146223
1791409059640,195.861553575188
1791409061656,196.418396253686
1791409063675,197.249463008009
1791409065691,189.216130455914
1791409067707,196.433858923505
1791409069729,196.942021875271
1791409071748,195.645732876314
1791409073770,195.900703463203
1791409075784,189.064133496491
1791409077809,194.655846241261
1791409079830,194.254397158456
1791409081858,196.016378399422
1791409083879,196.241721570976
1791409085907,188.797284525383
1791409087926,190.063749759839
1791409089943,191.475587915569
1791409091959,193.090255455172
1791409093973,192.755966539977
1791409095978,188.181643743769
1791409097998,194.532152570183
1791409100019,193.650330659273
1791409102044,195.25665171044
1791409104067,195.338728830332
1791409106082,188.133733995297
1791409108105,194.719706394626
1791409110129,193.579157119743
1791409112150,196.609776954322
1791409114171,194.645772492909
1791409116191,189.272157432747
1791409118212,194.370975802209
1791409120231,195.289040163376
1791409122255,195.62977602108
1791409124282,195.885537118409
1791409126299,189.260940229273
1791409128321,193.919322928116
1791409130344,195.311867185899
1791409132368,195.526051214482
1791409134391,195.066230722491
1791409136412,189.224741291694
1791409138429,192.656410078915
1791409140456,194.176027175283
1791409142477,194.71933532055
1791409144497,195.085179957657
1791409146513,189.616917497504
1791409148532,193.584349491642
1791409150551,193.223167308882
1791409152572,195.904116159414
1791409154595,188.20680753544
1791409156608,190.72327039946
1791409158628,192.057294765883
1791409160640,191.345236199877
1791409162662,191.731381686806
1791409164685,193.41441163668
1791409166699,191.690143657976
1791409168714,193.861869397628
1791409170736,194.491872985392
1791409172760,194.790101728326
1791409174780,196.711300431708
1791409176796,195.052361242026
1791409178810,193.9177801233
1791409180827,195.673229632608
1791409182842,195.808351064455
1791409184858,197.057059848925
1791409186869,196.038475606325
1791409188888,194.160350915511
1791409190913,195.639625391936
1791409192941,195.378389182185
1791409194966,195.888987916953
1791409196981,196.029973598385
1791409198995,193.848676597316
1791409201018,195.791951984722
1791409203041,195.565425271073
1791409205067,196.467939100961
1791409207081,195.985485506936
1791409209105,192.964067305523
1791409211126,196.489298053425
1791409213146,195.540619591322
1791409215162,188.421982718899
1791409217178,196.290316678395
1791409219199,193.029043820095
1791409221224,196.309670781893
1791409223246,195.209203024737
1791409225274,191.493125056761
1791409227286,195.86973300898
1791409229299,192.049305561199
1791409231322,193.778087939524
1791409233337,192.418205978013
1791409235352,191.262531105581
1791409237375,193.462477782335
1791409239397,193.126945286264
1791409241422,195.933711095371
1791409243436,194.648192771084
1791409245459,194.200060689159
1791409247469,195.218135708392
1791409249487,197.587855443526
1791409251514,197.275657563088
1791409253541,195.375091412453
1791409255558,195.359265149438
1791409257578,196.345924624996
1791409259597,195.949416620253
1791409261616,195.996577451275
1791409263631,196.323099791327
1791409265653,192.952756941703
1791409267673,197.410083204061
1791409269689,196.636726809781
1791409271715,196.512682379349
1791409273740,195.805708986266
1791409275757,190.727125674889
1791409277773,196.899992572235
1791409279798,196.489451355845
1791409281819,196.03282645426
1791409283845,195.534185101828
1791409285864,187.994333176303
1791409287880,193.530961774788
1791409289904,196.399547558647
1791409291925,195.049500705375
1791409293942,196.049514250067
1791409295958,189.413174448716
1791409297986,193.196347518486
1791409300002,193.267263438278
1791409302025,193.658704846426
1791409304039,193.164503927317
1791409306053,187.903323460588
1791409308063,188.849182864881
1791409310080,190.485642855994
1791409312101,194.32546835177
1791409314125,195.17704584787
1791409316139,189.267881817671
1791409318154,194.818285129837
1791409320173,194.48157474818
1791409322194,196.278926946749
1791409324218,194.810866770417
1791409326236,188.971978052741
1791409328257,195.882147790528
1791409330279,194.192515905793
1791409332308,196.227288373827
1791409334329,191.87955920171
1791409336341,189.152881350335
1791409338363,195.042983080545
1791409340382,195.294661148041
1791409342404,196.057345079642
1791409344430,195.264752542565
1791409346445,188.682493196242
1791409348469,191.989792833088
1791409350489,195.010619129768
1791409352512,195.26730739723
1791409354531,193.48340146829
1791409356549,188.739013527345
1791409358571,192.472050300603
1791409360593,194.20133267638
1791409362610,195.257518821777
1791409364624,196.128392544301
1791409366638,189.241299162028
1791409368657,190.544315495588
1791409370681,194.563527321191
1791409372705,191.352131661718
1791409374725,192.95516350742
1791409376744,189.612511925855
1791409378759,190.038231265621
1791409380769,189.092105079785
1791409382792,195.955323102333
1791409384817,195.930071671694
1791409386832,191.033463805934
1791409388855,193.438269230769
1791409390877,193.449156998895
1791409392901,196.695469274061
1791409394922,188.237422538741
1791409396941,193.192309719865
1791409398967,193.480989639413
1791409400988,196.051286754331
1791409403007,196.793898550523
1791409405036,195.874856152311
1791409407056,196.403685254818
1791409409081,192.83007896626
1791409411100,195.305826645063
1791409413124,196.554906775547
1791409415145,196.517632798574
1791409417166,195.579553259884
1791409419187,193.34176877674
1791409421205,195.0822882036
1791409423228,195.659622290542
1791409425251,196.344605956962
1791409427272,196.100537393641
1791409429295,193.586600930187
1791409431319,194.774622557218
1791409433347,194.739692768487
1791409435373,196.13171913519
1791409437394,196.401716738197
1791409439416,193.600304428713
1791409441429,194.763669821241
1791409443443,191.377406854083
1791409445458,192.391234347048
1791409447481,193.205919796308
1791409449502,191.368619447779
1791409451518,193.837452584667
1791409453530,193.840211036904
1791409455552,193.19811719212
1791409457569,195.912135929085
1791409459577,195.67209159681
1791409461599,196.419766059232
1791409463623,196.895584926884
1791409465646,192.715170098954
1791409467667,196.564087909097
1791409469689,196.455652929673
1791409471708,195.644073736595
1791409473725,196.539970497291
1791409475750,195.312375274089
1791409477767,195.330462985256
1791409479790,196.296556979564
1791409481813,196.086061308834
1791409483838,194.617476605033
1791409485857,191.637228733898
1791409487875,196.32434913675
1791409489892,196.513787893763
1791409491921,195.519465435017
1791409493939,194.35181281854
1791409495961,189.962430158628
1791409497979,195.548887732179
1791409499998,195.026719584114
1791409502022,195.383555711927
1791409504044,194.099552195144
1791409506062,189.266251400072
1791409508080,195.232797061574
1791409510101,196.722690592925
1791409512122,196.477190103688
1791409514141,193.022146803082
1791409516155,187.793518042765
1791409518168,192.485814524617
1791409520180,192.872556196326
1791409522187,192.535326742223
1791409524209,193.232161950246
1791409526222,189.566867818467
1791409528245,194.40032304915
1791409530267,195.081853175694
1791409532289,196.722485526592
1791409534314,196.152910766152
1791409536332,189.427752637809
1791409538353,195.813828389684
1791409540377,195.968647753158
1791409542402,195.938951965066
1791409544414,196.211473614434
1791409546432,189.280817431084
1791409548450,194.642292951633
1791409550472,195.692078279888
1791409552500,195.964414916299
1791409554522,195.981195683712
1791409556540,189.157003327142
1791409558560,194.052627824019
1791409560574,193.382103774818
1791409562593,195.256001600427
1791409564616,195.524071488017
1791409566630,189.066994761871
1791409568651,191.899206544774
1791409570676,195.354840061461
1791409572707,195.688083934281
1791409574737,188.047389879493
1791409576757,189.186504001797
1791409578777,192.288581006417
1791409580796,196.40783071178
1791409582818,193.878126639846
1791409584833,195.668977265282
1791409586846,188.985833502375
1791409588859,190.285371519712
1791409590880,192.703618658843
1791409592897,193.981591433307
1791409594915,194.322551589339
1791409596929,190.11108559133
1791409598944,192.876907391284
1791409600965,196.546933472667
1791409602979,196.507886343446
1791409604999,193.702833658303
1791409607022,191.283767485863
1791409609042,192.310173068805
1791409611060,196.233643505232
1791409613081,195.254701220818
1791409615101,196.286821815296
1791409617111,194.060245629564
1791409619133,192.476257491336
1791409621150,195.318158148254
1791409623168,196.041886394455
1791409625192,196.735039219302
1791409627207,196.104529616725
1791409629230,191.962623740389
1791409631253,194.140286256722
1791409633277,196.898079218049
1791409635295,188.602048513601
1791409637312,195.99629052498
1791409639325,193.400481154771
1791409641344,193.930693985154
1791409643364,196.572398288491
1791409645382,191.524334179598
1791409647401,195.947835722695
1791409649414,193.973352033661
1791409651436,193.765277277539
1791409653460,196.542817013308
1791409655475,196.910291090856
1791409657499,192.648016423259
1791409659513,191.631840956065
1791409661535,192.959042175398
1791409663555,193.910450864048
1791409665564,192.648559854824
1791409667579,193.289524508647
1791409669604,193.928455646708
1791409671624,195.593205839335
1791409673642,196.451359482156
1791409675663,195.563975137691
1791409677675,195.659153196487
1791409679695,194.943386555268
1791409681715,194.072029627831
1791409683737,196.336124131699
1791409685756,197.312668928633
1791409687774,195.355968285593
1791409689795,196.015543899533
1791409691818,193.969363003002
1791409693843,194.769488236721
1791409695867,195.107078214129
1791409697883,196.296569042379
1791409699907,196.789787003198
1791409701930,194.049927697012
1791409703952,195.395852034319
1791409705975,190.81403790502
1791409707998,196.124973606047
1791409710019,196.774257137565
1791409712044,195.91147076568
1791409714060,195.141376667518
1791409716079,191.261253271801
1791409718097,195.756762767939
1791409720117,195.617126496616
1791409722139,196.245276377665
1791409724156,195.65631851161
1791409726175,189.455786540127
1791409728200,193.46183698407
1791409730215,192.84122552736
1791409732239,193.371266984548
1791409734256,191.371284963161
1791409736265,188.521156489528
1791409738279,191.902486372846
1791409740294,194.208005588905
1791409742321,195.821958828937
1791409744348,195.749198926128
1791409746367,189.205634848139
1791409748391,194.301762085067
1791409750418,196.248467215441
1791409752434,196.510984126984
1791409754461,190.295676995821
1791409756471,188.850298036076
1791409758494,195.620675142227
1791409760516,195.727575602255
1791409762539,196.553719574906
1791409764561,195.204275590182
1791409766580,189.090386382059
1791409768604,195.440768114941
1791409770623,196.879914244743
1791409772645,195.143106071083
1791409774672,195.542359172979
1791409776688,188.844637991436
1791409778711,195.662668206677
1791409780734,195.754314931251
1791409782758,196.676792378152
1791409784779,196.377838846832
1791409786791,189.575074425043
1791409788813,194.944036731775
1791409790832,195.968797300487
1791409792854,196.039267312157
1791409794880,195.541899596718
1791409796894,189.694865040958
1791409798910,193.223625013079
1791409800924,191.08850679029
1791409802951,192.946580426787
1791409804972,193.238052550501
1791409806992,187.851466493521
1791409809005,190.227708611756
1791409811018,192.554503621385
1791409813038,196.110059036591
1791409815060,188.035382085298
1791409817080,188.922056448724
1791409819100,193.787243000491
1791409821126,197.136589874858
1791409823151,197.063716917337
1791409825177,193.418119364534
1791409827195,190.985386057025
1791409829216,191.825809092054
1791409831239,195.358361727852
1791409833261,196.013491894953
1791409835278,195.974782164448
1791409837299,192.244751366854
1791409839323,192.799122359832
1791409841350,196.293315681248
1791409843376,195.195343652189
1791409845394,196.053632904512
1791409847412,194.257634347165
1791409849435,192.513864774541
1791409851452,196.026796133289
1791409853474,196.375094891332
1791409855495,195.836197410783
1791409857516,194.146037606838
1791409859536,193.991299625038
1791409861555,187.15651699473
1791409863580,190.441080642503
1791409865597,190.817454221557
1791409867615,191.993702117855
1791409869631,189.946513346537
1791409871652,190.114028120414
1791409873671,186.996535606552
1791409875692,186.929272728918
1791409877709,186.342721949126
1791409879722,186.648727671844
1791409881737,190.76355984331
1791409883751,189.02221046041
1791409885774,191.266363060133
1791409887796,193.185134932732
1791409889812,188.429689477995
1791409891838,193.971340297897
1791409893863,195.051633774563
1791409895890,196.378633792685
1791409897910,195.828430835024
1791409899934,193.023239802133
1791409901959,194.870222170525
1791409903973,197.078693650656
1791409905992,196.509506308601
1791409908014,194.92837784502
1791409910038,195.591978653821
1791409912055,194.290321093516
1791409914076,196.038632554403
1791409916094,196.106208168009
1791409918116,195.796113888402
1791409920135,195.8097617117
1791409922155,194.707789274421
1791409924173,195.995470523669
1791409926193,194.027386674849
1791409928211,194.904661872829
1791409930232,195.404882885116
1791409932254,195.618055555556
1791409934276,195.850283828752
1791409936296,191.107354934089
1791409938317,196.579878971256
1791409940340,195.995480775916
1791409942365,194.135975012573
1791409944455,194.135975012573
1791409946466,188.278167143299
1791409948480,192.013211028337
1791409950496,193.664863131062
1791409952510,191.464183066074
1791409954520,193.779556407546
1791409956535,188.763786545558
1791409958559,194.554045165534
1791409960583,195.548980490355
1791409962606,194.675675675676
1791409964632,194.897780366593
1791409966652,188.876721533609
1791409968675,195.859201272261
1791409970702,194.39397807687
1791409972723,194.408722976649
1791409974745,194.386332874705
1791409976766,188.906246648642
1791409978791,194.15429923676
1791409980813,194.57095160701
1791409982838,195.555082964465
1791409984861,195.055979905235
1791409986879,189.211629237178
1791409988891,196.179313650028
1791409990918,196.887747224211
1791409992936,196.376190152801
1791409994954,188.653792176142
1791409996969,188.81502060684
1791409998991,194.600806191134
1791410001010,195.832846133404
1791410003029,196.628917132126
1791410005050,196.317942998428
1791410007067,188.845732721268
1791410009084,193.607260408909
1791410011104,196.662612789329
1791410013119,196.883711113925
1791410015139,195.060623822483
1791410017156,188.900767760419
1791410019172,191.122127130654
1791410021191,193.134287614181
1791410023211,194.451223906834
1791410025231,191.606264641544
1791410027242,188.596987948911
1791410029262,193.951757180958
1791410031274,196.552341994584
1791410033288,196.864357741565
1791410035311,195.513830107079
1791410037325,190.532147033724
1791410039341,194.07484070786
1791410041353,197.469633389095
1791410043373,194.513497864018
1791410045395,195.913635004485
1791410047413,192.237916119627
1791410049436,194.919595906959
1791410051456,196.857430227324
1791410053479,196.685020646447
1791410055494,189.554737987801
1791410057510,194.794425866485
1791410059528,194.308224229016
1791410061548,196.04177404428
1791410063570,195.720789424366
1791410065585,192.254415279008
1791410067601,196.428801568957
1791410069617,194.109682428006
1791410071636,195.918353095818
1791410073649,196.011199002013
1791410075662,197.591571241676
1791410077679,195.278832173141
1791410079699,192.930246173041
1791410081717,197.317397788345
1791410083739,196.255294969956
1791410085753,198.30347259418
1791410087765,191.490257750909
1791410089782,192.117244249118
1791410091797,193.820318544407
1791410093814,194.212076700498
1791410095826,193.299307085778
1791410097838,189.616605236159
1791410099858,191.704751692778
1791410101875,195.667459673538
1791410103887,193.40742965393
1791410105903,197.538709958977
1791410107917,194.990666937537
1791410109951,192.061528163472
1791410111965,196.181201185836
1791410113981,196.730065023956
1791410115997,197.201875166674
1791410118007,196.615878837082
1791410120023,194.998584762217
1791410122037,197.554075211958
1791410124055,196.298792018289
1791410126065,192.139070655137
1791410128079,196.550181091021
1791410130097,195.937893596655
1791410132110,196.148100231513
1791410134130,196.041424716371
1791410136148,196.977910370135
1791410138166,196.209989213126
1791410140183,193.385926589078
1791410142203,195.668427701849
1791410144231,196.267130950383
1791410146251,196.937475695795
1791410148268,196.269474971171
1791410150283,195.372289867138
1791410152305,195.204917940075
1791410154327,196.525985020231
1791410156341,194.562254553615
1791410158349,195.323304762793
1791410160356,191.646184657359
1791410162368,191.691245470426
1791410164383,192.970473234794
1791410166397,193.20401891253
1791410168419,192.305741704204
1791410170445,190.331059120202
1791410172468,194.447878530522
1791410174480,191.390634820867
1791410176495,191.906268114375
1791410178506,195.912367921785
1791410180524,195.779913248441
1791410182548,194.727163786772
1791410184573,196.675976465584
1791410186593,190.169914225826
1791410188613,195.254818338391
1791410190635,195.753827815697
1791410192657,194.743921531894
1791410194681,196.478829229137
1791410196704,189.07041656997
1791410198731,194.972753806939
1791410200756,194.805660403069
1791410202781,195.957595298913
1791410204810,195.878611824471
1791410206832,188.669673179663
1791410208861,194.507114384163
1791410210886,196.466103033
1791410212904,195.164493089243
1791410214924,195.25796731788
1791410216949,188.77289644105
1791410218976,195.186548654082
1791410220996,195.483467565551
1791410223014,193.412365764188
1791410225037,193.561302662398
1791410227058,188.801027928735
1791410229082,195.047443525881
1791410231100,192.51512697763
1791410233121,192.449732921218
1791410235136,187.86403923246
1791410237150,188.493323025337
1791410239165,192.222906458112
1791410241178,193.922993512009
1791410243204,195.517017870732
1791410245219,193.331202721548
1791410247237,188.609206041041
1791410249256,194.567200817425
1791410251286,194.632226041563
1791410253307,196.882289005265
1791410255336,195.749926560074
1791410257354,188.870061906433
1791410259378,193.353940916158
1791410261398,195.968284485263
1791410263423,196.855310936383
1791410265449,196.546053410706
1791410267469,188.907901435401
1791410269486,193.700458627938
1791410271516,196.96199271444
1791410273534,195.719007911663
1791410275560,195.76770945703
1791410277575,190.528701641569
1791410279595,191.214256405779
1791410281619,194.189307848248
1791410283640,195.58279432547
1791410285668,195.350155233677
1791410287687,192.133642737957
1791410289712,194.271480349655
1791410291735,191.471107087429
1791410293759,195.230441128541
1791410295780,195.524979560691
1791410297795,195.030481301063
1791410299821,193.228964333806
1791410301844,195.518895748948
1791410303863,193.587604846226
1791410305883,190.671183367581
1791410307896,191.364434596462
1791410309913,190.999136672579
1791410311925,192.973332864254
1791410313943,194.760688343977
1791410315968,196.347438785361
1791410317983,195.784886508951
1791410320008,193.23454645684
1791410322034,195.690519422959
1791410324057,196.085341213662
1791410326081,196.360957957573
1791410328094,195.260239888575
1791410330110,193.4773459035
1791410332128,197.099744610424
1791410334157,195.895174986775
1791410336178,196.321337605784
1791410338200,195.587481793591
1791410340221,193.102147821303
1791410342244,196.656567126659
1791410344268,196.306965324262
1791410346291,197.178879498127
1791410348307,194.170945729939
1791410350331,191.555225185833
1791410352356,196.675800484046
1791410354374,195.974123398517
1791410356392,195.576589967129
1791410358402,194.798254900431
1791410360418,194.947950754022
1791410362440,195.594681036916
1791410364465,196.672471833854
1791410366486,194.999811982953
1791410368516,194.624307055744
1791410370532,194.651304307356
1791410372552,195.710127463582
1791410374567,193.671008657667
1791410376588,191.56190116937
1791410378604,193.508868368325
1791410380624,192.928290733769
1791410382644,192.343985640502
1791410384661,193.766948281341
1791410386679,190.835134403896
1791410388698,196.284168887881
1791410390711,196.95384790108
1791410392732,195.991378300837
1791410394754,196.312470827853
1791410396773,189.369348006125
1791410398784,194.6396854073
1791410400807,194.028133180028
1791410402820,193.471597818592
1791410404839,195.369630284199
1791410406861,188.999607396871
1791410408885,195.445479467001
1791410410900,194.876686992112
1791410412922,193.790360616451
1791410414935,187.680367365265
1791410416952,188.826525717027
1791410418975,195.105643662653
1791410420993,194.486728412817
1791410423016,194.867917235107
1791410425034,195.818660842263
1791410427051,189.06587278639
1791410429074,194.063571716764
1791410431094,194.836576496472
1791410433115,192.919175070134
1791410435139,196.783343978229
1791410437155,188.789898535945
1791410439173,196.058722489107
1791410441192,196.077495805369
1791410443207,194.991806783382
1791410445235,193.73668662206
1791410447250,187.814770845952
1791410449265,192.061745550024
1791410451286,193.232752111538
1791410453302,193.081986143187
1791410455321,192.927724224098
1791410457340,188.834971025447
1791410459351,194.369511575586
1791410461371,195.940660563019
1791410463395,195.669408933876
1791410465421,196.319204881604
1791410467433,188.820488592633
1791410469457,192.901975702244
1791410471482,195.391491252297
1791410473502,194.804959422904
1791410475524,189.775184983419
1791410477547,189.899088506227
1791410479569,194.191514402909
1791410481589,197.174311267039
1791410483610,195.008390375678
1791410485629,191.125286619168
1791410487648,189.900532633658
1791410489674,192.472589682189
1791410491698,196.508273852877
1791410493717,195.651936553085
1791410495744,195.470600779556
1791410497762,191.839104820749
1791410499781,193.177782719112
1791410501799,196.366339598962
1791410503823,194.729225724922
1791410505849,194.075828067495
1791410507874,196.176124958458
1791410509894,192.125975411217
1791410511911,195.461401141954
1791410513936,196.681649004911
1791410515960,194.281236768802
1791410517977,193.579864463989
1791410519999,191.197589069608
1791410522015,192.300401208053
1791410524030,192.579351884896
1791410526044,193.242815049269
1791410528065,192.745922920437
1791410530084,193.796069226457
1791410532110,197.311611765212
1791410534132,196.081380750187
1791410536146,196.418018218174
1791410538163,196.175329745406
1791410540182,193.714094547866
1791410542202,196.168438393197
1791410544225,196.090773322713
1791410546241,191.7403500554
1791410548261,195.112188068973
1791410550284,193.049896490072
1791410552306,195.717158684524
1791410554324,196.716755675173
1791410556338,193.945851233511
1791410558358,195.32816334764
1791410560380,193.441360734711
1791410562408,196.355643375655
1791410564426,195.5867595127
1791410566454,195.486707448223
1791410568469,194.20261071954
1791410570493,194.230923722028
1791410572506,195.753844472973
1791410574533,196.442543230175
1791410576557,194.129663712931
1791410578576,194.416662053082
1791410580601,194.502408168911
1791410582620,195.146941795692
1791410584636,194.817194220801
1791410586653,194.564488531262
1791410588674,188.04942784592
1791410590691,191.461046487035
1791410592703,193.019482907555
1791410594717,186.809028124203
1791410596737,191.343681500066
1791410598750,190.875749377061
1791410600768,195.56530010201
1791410602785,195.474605954466
1791410604795,195.717585160202
1791410606810,190.855206285273
1791410608824,194.681565971467
1791410610848,195.797650820128
1791410612870,195.276406203319
1791410614888,196.047131891137
1791410616905,189.557030802106
1791410618926,194.298255395266
1791410620948,195.26121085595
1791410622972,196.831187389936
1791410624995,196.58407906108
1791410627011,189.23817504984
1791410629024,194.792273889063
1791410631044,193.290162417884
1791410633064,196.142711049016
1791410635080,195.525675502625
1791410637102,189.237800975224
1791410639127,194.970057493478
1791410641147,194.225478307734
1791410643166,195.109751267427
1791410645187,194.084326064686
1791410647207,189.566055272292
1791410649232,195.049043459029
1791410651252,196.179829795046
1791410653278,195.661662464108
1791410655297,188.372303412824
1791410657311,189.54392205382
1791410659336,195.807285293604
1791410661353,193.308107963034
1791410663374,192.026128176812
1791410665388,191.238855555108
1791410667398,188.723483707764
1791410669411,192.568577400276
1791410671428,192.043589972521
1791410673445,195.685841396664
1791410675470,196.579431181927
1791410677486,188.909463325578
1791410679509,195.288842250745
1791410681532,192.148036094815
1791410683548,193.827433846518
1791410685572,195.589875830367
1791410687586,188.506572131233
1791410689603,194.398865736316
1791410691620,195.1156669168
1791410693637,194.198992628993
1791410695658,196.552164009112
1791410697689,188.845002347132
1791410699704,193.455451598389
1791410701724,196.571441233824
1791410703742,193.609507792353
1791410705762,196.575095015188
1791410707781,189.600471835031
1791410709800,194.155403833628
1791410711817,197.13392935274
1791410713836,193.774302361239
1791410715852,197.035428154509
1791410717867,190.34396712074
1791410719886,194.375239197713
1791410721906,195.994563966866
1791410723923,197.278600940305
1791410725939,191.332957954406
1791410727953,192.149488605778
1791410729966,193.688827924352
1791410731984,193.026440288279
1791410733999,190.998792280522
1791410736016,193.578159773532
1791410738029,192.192336147619
1791410740038,190.892012107058
1791410742059,193.28033870635
1791410744073,194.031228909158
1791410746092,195.038203140529
1791410748106,195.787829460519
1791410750124,194.861272754837
1791410752141,196.132363657146
1791410754159,194.612479015109
1791410756182,195.749900021172
1791410758196,196.64414345297
1791410760215,193.980608452055
1791410762233,195.422027928216
1791410764250,195.745351492903
1791410766268,194.87527810496
1791410768281,194.900319447161
1791410770302,193.850121141161
1791410772325,196.794797010113
1791410774347,196.485690710307
1791410776369,195.297461999238
1791410778391,195.113848275862
1791410780415,193.19131987855
1791410782437,196.026930765549
1791410784464,196.636573067895
1791410786485,192.128578423762
1791410788501,186.4714925581
1791410790519,188.349885658282
1791410792543,190.337567852835
1791410794556,196.280729326027
1791410796573,191.890120967742
1791410798586,195.873047567752
1791410800601,193.12417420954
1791410802619,194.300931933467
1791410804636,193.549809271011
1791410806657,189.860444132912
1791410808664,190.992950853453
1791410810676,191.394065387926
1791410812687,192.731663827975
1791410814708,196.268250399545
1791410816735,194.893703601236
1791410818754,191.943697561723
1791410820775,194.173213838055
1791410822799,193.742652985001
1791410824815,195.611074203126
1791410826830,195.260970167755
1791410828851,192.533424928556
1791410830868,192.283816174389
1791410832884,195.15972425541
1791410834905,188.18559713937
1791410836922,194.054556307651
1791410838946,193.05598431949
1791410840966,195.560080708633
1791410842990,195.9246841876
1791410845011,194.76764256514
1791410847033,190.149971596289
1791410849051,194.842736739007
1791410851068,196.309559875452
1791410853086,195.481874594027
1791410855104,196.37533898547
1791410857122,190.363297003866
1791410859142,194.02753322976
1791410861166,196.564587828152
1791410863178,196.610903712052
1791410865195,196.490602062031
1791410867211,189.519490316725
1791410869228,194.873839803393
1791410871241,196.071291764205
1791410873254,196.249670581495
1791410875282,193.010897791393
1791410877300,188.549019607843
1791410879316,190.039254331937
1791410881336,192.125457626577
1791410883349,193.534400174178
1791410885370,193.35267582079
1791410887391,189.340391544139
1791410889408,193.833341519118
1791410891433,195.152175646883
1791410893455,195.810504664233
1791410895472,188.19084966764
1791410897490,189.198155376297
1791410899519,195.539330245315
1791410901537,195.592016896462
1791410903562,196.052644316321
1791410905585,194.997449243837
1791410907604,189.099807233237
1791410909627,197.020339545889
1791410911655,195.922642526398
1791410913675,194.564100963699
1791410915701,196.424986462222
1791410917719,188.865627857813
1791410919746,195.464589161068
1791410921771,195.488113237433
1791410923793,197.420677540061
1791410925817,195.438431383262
1791410927837,188.720435455974
1791410929862,193.969076452599
1791410931882,194.669222251643
1791410933909,195.746425249942
1791410935931,196.433403747118
1791410937947,188.752489205578
1791410939970,193.247473832072
1791410941992,195.240262673291
1791410944006,195.721334643391
1791410946026,194.121870092287
1791410948038,189.650012565485
1791410950055,190.955037533346
1791410952069,192.2203864008
1791410954088,191.240069193766
1791410956099,192.202312337629
1791410958112,190.442366609931
1791410960133,193.697060609307
1791410962156,197.110317534345
1791410964177,195.43680768563
1791410966188,195.37756366139
1791410968197,189.23030279115
1791410970217,194.158093712054
1791410972240,195.390694763196
1791410974259,194.524565919303
1791410976282,196.575006854949
1791410978297,193.735111166625
1791410980311,192.897430138541
1791410982330,195.888240530116
1791410984351,195.287690820744
1791410986370,195.384601584279
1791410988382,196.041772592256
1791410990398,193.823308315821
1791410992409,195.564388845877
1791410994432,194.24988679556
1791410996455,195.543571853759
1791410998474,195.774172402491
1791411000496,193.60180215776
1791411002516,194.927300549489
1791411004540,192.125460869202
1791411006561,195.916165861271
1791411008576,195.465465546582
1791411010596,192.635532774003
1791411012617,196.981282798834
1791411014638,190.974030315107
1791411016651,193.892598631261
1791411018662,194.114381549182
1791411020679,191.989832453709
1791411022695,194.038333005701
1791411024708,192.757412068952
1791411026726,190.159573437994
1791411028740,190.927943968609
1791411030752,193.068684015226
1791411032778,196.899846307864
1791411034806,195.762588762589
1791411036831,194.179569880347
1791411038847,195.543572020623
1791411040868,194.285487572956
1791411042886,196.534347573339
1791411044907,196.14508560007
1791411046927,192.47440266256
1791411048945,196.481863089168
1791411050970,195.847717290031
1791411052994,194.666544974585
1791411055012,195.732510466919
1791411057039,195.25272472356
1791411059057,195.929216252377
1791411061079,194.045340119302
1791411063102,194.812926391382
1791411065125,195.927039289778
1791411067148,193.103978212236
1791411069167,195.771792346652
1791411071180,195.964118564743
1791411073205,194.227484482595
1791411075223,188.130308123249
1791411077242,190.593813251308
1791411079259,194.109714156137
1791411081287,195.986586314152
1791411083313,196.360702620106
1791411085337,195.541054076003
1791411087361,188.83741330644
1791411089377,191.285368538513
1791411091398,192.598117837537
1791411093417,192.638561153628
1791411095443,193.151605695981
1791411097453,188.779793432798
1791411099469,189.906522935282
1791411101494,196.16213730245
1791411103517,194.15858128951
1791411105544,194.800769156011
1791411107557,189.664230735006
1791411109582,195.695640759585
1791411111602,196.895697887393
1791411113628,196.814928610157
1791411115648,196.573302736405
1791411117665,189.857887171062
1791411119687,195.289274491051
1791411121711,196.691459170013
1791411123733,193.412391053062
1791411125750,193.440208236264
1791411127764,188.488656664722
1791411129788,192.917076581393
1791411131806,193.337698506238
1791411133834,195.44756699809
1791411135853,193.059376587533
1791411137870,188.956083593634
1791411139889,192.608334548692
1791411141908,192.511305964524
1791411143928,193.909305171554
1791411145949,193.883785770638
1791411147971,187.78380355865
1791411149997,192.511612694586
1791411152011,192.115755282149
1791411154036,193.580546633643
1791411156066,194.598436427978
1791411158079,188.941295001481
1791411160102,190.164984455517
1791411162118,187.889830361529
1791411164140,188.125480313717
1791411166152,189.139667377812
1791411168165,187.949891697323
1791411170179,188.757838239346
1791411172191,191.246797835309
1791411174214,195.820666797123
1791411176238,195.598887422983
1791411178253,190.06157633897
1791411180275,191.008245614035
1791411182300,195.426870533395
1791411184319,195.892376557708
1791411186348,196.756214881662
1791411188364,192.281108587006
1791411190383,193.296270099495
1791411192408,195.344725655934
1791411194431,195.931910055584
1791411196454,195.936226980787
1791411198479,194.130928637447
1791411200497,193.441873366537
1791411202518,194.462933244177
1791411204539,195.569144267691
1791411206570,195.222247040429
1791411208584,190.751360851185
1791411210607,193.204508876467
1791411212633,194.966332836139
1791411214660,192.18448454399
1791411216680,195.097878258972
1791411218706,195.311208586621
1791411220719,193.903694276607
1791411222740,194.230724025857
1791411224755,195.897217569328
1791411226770,196.399980135081
1791411228785,195.533512883163
1791411230807,193.528236553751
1791411232821,194.027877287255
1791411234841,192.787576905056
1791411236859,192.323943782672
1791411238873,193.655176643768
1791411240888,189.810206363032
1791411242901,192.149639108166
1791411244924,193.989791061229
1791411246945,195.164038848937
1791411248957,195.439108038313
1791411250984,194.661818095532
1791411253001,195.721015330622
1791411255011,188.086057761549
1791411257031,196.474996863281
1791411259049,195.068153003696
1791411261072,195.357690102674
1791411263094,195.870194933162
1791411265121,195.795385726265
1791411267143,194.931821965703
1791411269152,195.88108414732
1791411271171,195.975175030366
1791411273187,195.669010506077
1791411275203,194.945923432022
1791411277222,194.688570668456
1791411279237,195.334915120188
1791411281256,194.605271585514
1791411283272,195.985592131619
1791411285289,195.417207642726
1791411287314,190.739060017823
1791411289334,195.956027838889
1791411291355,196.061643333578
1791411293376,196.201284707833
1791411295402,196.407307369906
1791411297421,191.12621902478
1791411299444,196.691598771203
1791411301468,196.327235629353
1791411303488,196.287216122905
1791411305507,193.421144329989
1791411307529,189.45891451457
1791411309545,193.921985079019
1791411311557,193.343925183025
1791411313574,193.137888496423
1791411315605,189.257410058017
1791411317622,189.030519716932
1791411319641,196.581762172338
1791411321665,196.447576418595
1791411323684,196.327423544961
1791411325706,196.63181541494
1791411327722,189.081483542472
1791411329749,196.487656933277
1791411331767,197.180575279147
1791411333786,196.48518412789
1791411335805,195.214266718244
1791411337817,189.279512200117
1791411339841,195.866543239369
1791411341858,197.093222838682
1791411343876,196.739971284996
1791411345892,197.094824052931
1791411347903,189.033661836158
1791411349924,194.564965333083
1791411351950,196.588644651393
1791411353967,197.036819962281
1791411355988,196.60251547215
1791411358003,189.244008870449
1791411360023,194.931637502464
1791411362043,196.123705326656
1791411364061,196.193810658948
1791411366083,195.865996317802
1791411368098,188.704002290295
1791411370125,194.807895246394
1791411372142,196.181868085466
1791411374163,197.357901453385
1791411376181,193.507551936604
1791411378198,188.728698740805
1791411380210,192.044784705586
1791411382228,194.041548746616
1791411384243,193.18467507796
1791411386264,193.106782188497
1791411388279,188.175404034154
1791411390300,193.141073265826
1791411392323,196.253141146907
1791411394338,196.848747564316
1791411396363,195.354227197474
1791411398382,190.075599455931
1791411400406,192.023609668721
1791411402423,193.772036474164
1791411404446,196.529001775469
1791411406471,196.821503045602
1791411408489,189.504402905436
1791411410514,192.138594878015
1791411412538,195.146133004384
1791411414555,196.16394226039
1791411416576,195.396752573207
1791411418594,192.183861053398
1791411420616,191.912978895791
1791411422641,194.590896004961
1791411424661,195.353166429352
1791411426690,195.034892384106
1791411428712,194.814767825425
1791411430729,193.141383502307
1791411432746,191.465846655926
1791411434770,189.028863112196
1791411436790,196.6416692505
1791411438807,195.758591945777
1791411440823,193.555574069005
1791411442849,195.49093431884
1791411444872,196.681488641856
1791411446891,193.697770772774
1791411448928,190.909775821778
1791411450943,191.57005569938
1791411452964,192.798341938133
1791411454975,192.768479051876
1791411456991,193.25727108418
1791411459010,194.413774467805
1791411461030,193.653325950187
1791411463050,194.153565498311
1791411465070,195.601561222822
1791411467089,196.550861408339
1791411469106,195.260535044315
1791411471127,193.256650943396
1791411473155,194.969572020879
1791411475175,195.932495429063
1791411477200,195.778200643627
1791411479219,196.235351208842
1791411481244,193.564045486924
1791411483266,194.019693349477
1791411485289,193.068490002298
1791411487310,195.301605612265
1791411489328,195.564391504725
1791411491344,195.618867448606
1791411493369,195.378497171686
1791411495387,188.253971501989
1791411497408,195.740919907931
1791411499425,195.304389960267
1791411501449,195.765505823086
1791411503474,196.882360411463
1791411505495,196.974191873296
1791411507520,193.173864007673
1791411509535,196.426541805647
1791411511549,196.565817409766
1791411513576,195.406586768804
1791411515599,194.349282296651
1791411517612,190.598793852039
1791411519626,194.532335160973
1791411521645,193.121402023819
1791411523660,194.265132823602
1791411525676,193.098593311974
1791411527691,188.700514240117
1791411529713,192.813152689218
1791411531741,197.106139197526
1791411533762,195.82081521133
1791411535785,195.196938033275
1791411537798,189.463209588355
1791411539820,194.110949782206
1791411541845,195.98426859068
1791411543862,196.551536994447
1791411545888,193.903224672906
1791411547906,189.359132936731
1791411549923,196.219335915572
1791411551943,196.451666333495
1791411553960,196.368600084675
1791411555977,196.887243295482
1791411557994,188.77494418897
1791411560015,195.842613490272
1791411562031,196.535194331114
1791411564057,197.009678444515
1791411566080,196.531357444401
1791411568102,188.422443007826
1791411570120,196.863156098463
1791411572144,196.636116532928
1791411574164,196.458880314378
1791411576190,197.470702702703
1791411578204,189.108590678165
1791411580231,195.772854822035
1791411582259,195.934857156233
1791411584284,193.455328224978
1791411586307,196.942681990116
1791411588324,188.8539573461
1791411590339,192.741009861348
1791411592355,194.091066681038
1791411594367,194.092417313623
1791411596390,193.461596924177
1791411598411,187.94123556002
1791411600425,192.165330011352
1791411602445,196.083778991218
1791411604466,197.225884405296
1791411606483,195.647029929175
1791411608502,188.937149484614
1791411610522,192.304391672404
1791411612538,196.66244351418
1791411614556,196.210833612694
1791411616576,196.434456010842
1791411618596,189.874008933395
1791411620612,193.01707216257
1791411622632,196.933029107055
1791411624659,195.861074339859
1791411626680,196.521857807572
1791411628697,189.168634660256
1791411630713,192.25291171731
1791411632734,195.875239790778
1791411634752,196.106609925942
1791411636768,195.469782939036
1791411638787,192.274456015403
1791411640804,193.142984923559
1791411642823,195.888613389281
1791411644845,195.832864136238
1791411646861,194.856021076064
1791411648887,195.537160610563
1791411650896,192.828906241371
1791411652915,195.562829679171
1791411654925,197.261426624262
1791411656947,196.25604827548
1791411658966,196.313292018675
1791411660983,192.252634064022
1791411663007,193.035108334531
1791411665026,192.570118944507
1791411667044,192.714304388748
1791411669071,193.732014497918
1791411671098,188.785927826236
1791411673110,193.344706070799
1791411675125,188.099783451856
1791411677146,196.763000486534
1791411679160,195.269661500415
1791411681173,193.779429864613
1791411683196,194.632208500543
1791411685216,196.248311886865
1791411687236,195.831038207101
1791411689252,195.225677953118
1791411691275,193.319389282058
1791411693294,195.011613546494
1791411695312,196.274824324324
1791411697331,194.810431629593
1791411699350,195.084619157732
1791411701368,194.78883983797
1791411703385,194.54737344302
1791411705402,195.943520850826
1791411707424,195.44105463502
1791411709443,196.005230244457
1791411711456,195.062953737129
1791411713475,196.219286965087
1791411715489,194.857844018305
1791411717508,196.5548976629
1791411719526,195.824919188136
1791411721542,196.084019590552
1791411723566,193.161321900763
1791411725591,194.988532856213
1791411727611,195.925386018406
1791411729625,195.442723885903
1791411731649,195.349459486838
1791411733669,191.181262990817
1791411735685,188.645050335246
1791411737704,192.131572505823
1791411739714,193.889134667942
1791411741735,193.410997187511
1791411743749,190.468031074847
1791411745773,194.934335542299
1791411747789,192.260200713691
1791411749801,195.901581970336
1791411751824,196.069133150561
1791411753840,195.925222503691
1791411755863,194.854766202173
1791411757884,190.760749138921
1791411759908,196.277285522138
1791411761929,197.707992293094
1791411763952,196.537063227953
1791411765973,196.334287493871
1791411767990,189.909824717694
1791411770013,195.57493107936
1791411772039,196.693336538054
1791411774052,195.552256004443
1791411776074,196.772855716917
1791411778092,188.72668989139
1791411780105,196.35429193307
1791411782126,197.388717089101
1791411784146,196.562127250629
1791411786165,195.771397074847
1791411788183,189.54973896266
1791411790204,195.843945616204
1791411792219,197.33075566605
1791411794230,196.166922967393
1791411796251,195.202033836264
1791411798273,189.320982658652
1791411800292,195.933784046963
1791411802312,196.148861900953
1791411804336,194.641423219352
1791411806357,189.846202007554
1791411808371,187.918610958375
1791411810380,193.029196825978
1791411812402,193.264106898495
1791411814423,193.092065518357
1791411816439,196.758217474208
1791411818460,188.796733750722
1791411820483,196.304004480538
1791411822502,195.624225062436
1791411824532,195.872201358828
1791411826557,196.281878214119
1791411828577,189.004213887212
1791411830596,194.293846094662
1791411832613,195.200553684571
1791411834639,194.786704504287
1791411836662,195.637301621374
1791411838684,188.464396150935
1791411840711,194.169694279652
1791411842736,194.99440512302
1791411844752,195.094150176654
1791411846779,195.619621141254
1791411848801,189.246640035508
1791411850826,193.435336846603
1791411852852,193.958576639705
1791411854877,189.082398162057
1791411856898,196.424258459006
1791411858918,189.80445939321
1791411860939,193.021027024168
1791411862959,195.480382761634
1791411864981,196.86906179606
1791411866999,196.669738863287
1791411869010,190.840254724793
1791411871024,192.194425795751
1791411873048,196.227303378518
1791411875065,195.441448670625
1791411877081,193.449304794734
1791411879097,190.344758336254
1791411881120,189.443603695138
1791411883135,193.003511066745
1791411885151,193.198943170668
1791411887162,192.329369039698
1791411889177,195.463756378068
1791411891198,192.744251057677
1791411893219,195.124051271164
1791411895237,194.729493537111
1791411897252,196.21182711855
1791411899268,194.773546850042
1791411901289,190.691414476805
1791411903302,193.9120470933
1791411905318,196.092122811295
1791411907335,196.071465681464
1791411909347,195.958413369189
1791411911358,192.659730149929
1791411913372,194.3223215029
1791411915389,188.456547823862
1791411917406,195.449271935802
1791411919418,196.01749825297
1791411921444,191.577673531205
1791411923461,195.074455811091
1791411925484,196.270547272064
1791411927504,196.600222241217
1791411929524,195.647824111679
1791411931548,192.823732151649
1791411933561,194.117441704337
1791411935581,195.797515736937
1791411937598,196.428555163384
1791411939612,195.907139654786
1791411941639,193.531196897512
1791411943660,194.497497659474
1791411945677,196.433962804826
1791411947702,193.053722219797
1791411949721,192.007250866003
1791411951742,191.988702499144
1791411953756,191.634771119919
1791411955772,193.638589511754
1791411957788,193.282524631847
1791411959805,196.428018575851
1791411961833,194.904858299595
1791411963852,195.616980937395
1791411965875,194.816907589763
1791411967900,194.263552338802
1791411969923,195.780875932967
1791411971944,196.389879414298
1791411973969,195.839986472776
1791411975984,195.890636242163
1791411978012,192.964311424486
1791411980035,196.402335815843
1791411982058,197.081058155417
1791411984069,195.451456931618
1791411986096,196.455697458504
1791411988119,189.994019509046
1791411990132,196.090866695872
1791411992150,196.222687014973
1791411994169,195.027493525902
1791411996185,194.958540153286
1791411998200,189.43474926688
1791412000215,195.901900991761
1791412002234,196.959017938715
1791412004252,194.930581880212
1791412006269,195.175411562768
1791412008280,189.065380406145
1791412010295,196.545817809505
1791412012318,196.578670391377
1791412014337,194.191417422216
1791412016362,194.834431705335
1791412018371,189.210720036807
1791412020390,192.304077917502
1791412022409,190.72005069016
1791412024419,193.382512195966
1791412026431,192.146337442098
1791412028443,188.184237262188
1791412030460,193.018252771985
1791412032476,196.817725609059
1791412034500,195.85148818656
1791412036515,196.493732735526
1791412038529,189.124820626358
1791412040541,196.770709126347
1791412042562,195.539500542888
1791412044581,196.836346928677
1791412046605,195.746169727263
1791412048620,188.283278811373
1791412050637,193.740293586433
1791412052658,196.145925967884
1791412054678,195.965279314159
1791412056700,193.450095884674
1791412058717,188.597088694827
1791412060733,195.096333740848
1791412062745,196.667496617829
1791412064763,195.504228692248
1791412066785,195.106172247164
1791412068801,188.472667372281
1791412070822,195.308551339055
1791412072844,196.791702580015
1791412074862,195.743598620709
1791412076888,195.297331157188
1791412078906,187.112853466263
1791412080926,192.895406739409
1791412082951,195.590841111142
1791412084970,195.472310271473
1791412086986,196.911720332187
1791412089002,188.695338011141
1791412091022,189.666556163657
1791412093044,192.78150488942
1791412095053,188.120002650284
1791412097068,192.557930181418
1791412099078,189.230682538908
1791412101097,191.999708272557
1791412103115,196.691574477918
1791412105130,195.726686764284
1791412107150,197.001595864874
1791412109171,189.502089398393
1791412111198,193.801541380956
1791412113216,195.462286663224
1791412115240,195.78665408238
1791412117264,195.849382610187
1791412119277,193.259970110816
1791412121307,193.154622632921
1791412123326,195.472119729696
1791412125356,195.699624641201
1791412127368,195.456865085742
1791412129391,193.985398461009
1791412131414,193.065344749887
1791412133431,195.746588137986
1791412135450,194.397703279183
1791412137472,195.311295484828
1791412139489,194.815627066343
1791412141511,191.27892638951
1791412143532,194.7754408473
1791412145554,195.878573588927
1791412147574,195.292390434331
1791412149597,194.909801246074
1791412151624,193.106937684513
1791412153646,194.874136742665
1791412155669,188.682632877201
1791412157691,196.631253545919
1791412159710,195.675665156107
1791412161731,193.16311791952
1791412163754,190.287104582669
1791412165772,193.316546116178
1791412167787,194.346338025624
1791412169802,192.948717730689
1791412171818,191.142966850122
1791412173832,194.597763081775
1791412175856,196.764757871056
1791412177878,196.641919542346
1791412179899,195.482499791499
1791412181925,192.811778238903
1791412183945,196.882772592432
1791412185971,196.426675140468
1791412187994,196.520151567344
1791412190017,195.979303960984
1791412192042,193.09048100204
1791412194064,195.347634233165
1791412196084,197.017953559732
1791412198108,194.79082475084
1791412200124,194.090087156611
1791412202145,194.377877667141
1791412204163,194.334033152995
1791412206191,195.31746409474
1791412208216,190.534695042401
1791412210230,195.308470237425
1791412212261,194.933928291843
1791412214283,194.974357269504
1791412216302,196.51259200205
1791412218333,190.117902816824
1791412220352,196.14722292315
1791412222377,197.738689901799
1791412224389,194.80612543448
1791412226411,195.804163553819
1791412228434,188.064760972882
1791412230456,195.348917832627
1791412232481,195.754532880296
1791412234506,193.119999657657
1791412236524,192.68671603576
1791412238551,188.898427939377
1791412240567,192.299993076351
1791412242582,193.034494438106
1791412244607,192.551038740302
1791412246625,196.08710150917
1791412248637,189.041663556018
1791412250657,196.772694191742
1791412252683,195.886175205868
1791412254712,195.004180441761
1791412256736,195.218671895497
1791412258755,189.342018089316
1791412260778,194.796954444416
1791412262800,195.385465628175
1791412264825,195.475743100989
1791412266847,193.620240252493
1791412268872,189.204218579235
1791412270899,195.50346201271
1791412272926,195.417840640144
1791412274948,188.938691849737
1791412276974,195.563309075245
1791412278992,189.509662384573
1791412281014,194.375540472599
1791412283042,195.762654562108
1791412285065,194.907945347407
1791412287089,195.795869527699
1791412289106,189.11198239626
1791412291132,193.11902595665
1791412293153,195.449208172061
1791412295175,194.735046175704
1791412297191,193.586667274738
1791412299207,188.965603521603
1791412301220,193.06535940287
1791412303237,195.686824934821
1791412305261,193.101108535725
1791412307288,193.418779974317
1791412309295,189.351606084206
1791412311314,190.20620875358
1791412313334,193.253317176085
1791412315348,193.093272512133
1791412317367,195.172967863894
1791412319387,191.481661149458
1791412321408,192.244635632132
1791412323430,195.460554484409
1791412325448,196.015846195351
1791412327468,195.16836205341
1791412329486,192.528346156478
1791412331504,194.036225386464
1791412333524,193.660458567981
1791412335543,188.589052157092
1791412337564,194.575460562859
1791412339580,193.407361949863
1791412341596,193.732646414258
1791412343610,194.465827124821
1791412345632,196.149033456203
1791412347655,195.665275173642
1791412349666,194.03490688899
1791412351688,194.573868302817
1791412353704,195.907745242609
1791412355724,195.066197842084
1791412357745,196.584870821884
1791412359763,194.826611816275
1791412361782,193.66909658943
1791412363809,195.854526560138
1791412365832,196.618951497452
1791412367847,195.974313357875
1791412369862,195.579065104415
1791412371883,194.033390276112
1791412373909,195.310154024033
1791412375930,194.970157464072
1791412377950,194.373224416486
1791412379970,192.213820174183
1791412381988,192.008280760135
1791412384007,193.753082942898
1791412386024,194.648044844758
1791412388030,187.631920702462
1791412390038,193.03433961467
1791412392052,192.124178996389
1791412394064,191.340136360568
1791412396081,196.626583752243
1791412398104,196.770670340239
1791412400122,193.929930831253
1791412402140,194.364955684355
1791412404164,196.858616598032
1791412406192,196.335720013747
1791412408214,192.746892098487
1791412410237,194.915783397404
1791412412265,195.436996357523
1791412414291,195.787391480052
1791412416311,197.189126720933
1791412418335,194.762495703398
1791412420356,194.843247392533
1791412422379,195.502614029788
1791412424398,196.2593549451
1791412426418,196.240475713427
1791412428436,191.464470755964
1791412430452,195.369534025214
1791412432472,195.278402522333
1791412434493,196.350226244344
1791412436510,197.08709020894
1791412438529,190.277742958497
1791412440541,194.635996140741
1791412442564,195.34697140315
1791412444586,196.543626770342
1791412446598,197.007334997036
1791412448621,188.310887914368
1791412450643,191.707018256279
1791412452664,189.913193522697
1791412454682,193.076812177295
1791412456697,193.511692899892
1791412458716,188.652653721105
1791412460741,194.617923633506
1791412462762,195.248668096589
1791412464785,195.816043643721
1791412466808,196.182866318515
1791412468817,188.215122536353
1791412470839,195.54330250132
1791412472865,195.057286683978
1791412474888,193.909824871904
1791412476913,194.446963508537
1791412478928,189.333534393928
1791412480948,194.71070808201
1791412482966,196.656176761451
1791412484987,194.713475488611
1791412487011,195.955313874251
1791412489034,189.535787332554
1791412491059,194.615185936068
1791412493083,196.659205816399
1791412495103,194.672354000266
1791412497124,196.471353056527
1791412499139,189.26746353026
1791412501156,193.939042934402
1791412503177,195.382152304051
1791412505200,195.630271969193
1791412507227,195.386483210754
1791412509247,188.925924697296
1791412511271,193.71922015057
1791412513297,195.240945750327
1791412515313,187.984636250064
1791412517335,196.342233287546
1791412519355,188.998868028857
1791412521376,190.97632583793
1791412523398,192.637024490084
1791412525418,190.445676578709
1791412527435,192.479218736345
1791412529445,188.510551221999
1791412531464,192.678569894321
1791412533485,195.692700357325
1791412535510,194.138846316164
1791412537533,193.36106470144
1791412539555,190.479736221504
1791412541580,193.392699413095
1791412543594,195.843719679539
1791412545618,194.958998307162
1791412547643,194.205021854585
1791412549656,191.087170446772
1791412551669,192.019736050822
1791412553684,194.942923350667
1791412555704,195.057310952028
1791412557724,193.597111757488
1791412559749,194.612908755274
1791412561775,193.366197357198
1791412563804,194.652589056188
1791412565825,194.75575131936
1791412567852,194.600320634416
1791412569876,195.717549970971
1791412571898,193.462449881155
1791412573922,196.309499284692
1791412575943,191.389270945703
1791412577965,195.883559167619
1791412579983,195.942771125934
1791412582007,193.411237882
1791412584029,195.820383102002
1791412586057,196.00746258286
1791412588075,192.705501158369
1791412590103,196.201080507587
1791412592121,190.930624751479
1791412594132,192.129142138453
1791412596150,193.083584589615
1791412598170,190.32298136646
1791412600190,192.380786199769
1791412602202,191.349855907781
1791412604227,195.035246258899
1791412606253,196.260269066006
1791412608268,195.466856760658
1791412610287,194.112197517636
1791412612308,195.84973824194
1791412614332,196.360189716179
1791412616352,194.487688751539
1791412618371,195.725114255688
1791412620384,193.255734155757
1791412622399,196.257500170847
1791412624425,195.702248001616
1791412626448,196.14904638912
1791412628469,195.123998323347
1791412630482,195.484877238762
1791412632505,195.831362787803
1791412634515,196.713489166956
1791412636540,196.118137147249
1791412638556,193.73180732227
1791412640588,195.250464818411
1791412642603,196.732009853644
1791412644627,197.210145347154
1791412646654,192.734495690833
1791412648680,186.940761342376
1791412650698,188.469156026861
1791412652719,190.783251317489
1791412654745,197.106596913571
1791412656770,190.538264642676
1791412658793,189.325125004271
1791412660807,193.334131497556
1791412662824,194.571294141455
1791412664842,193.40054169584
1791412666865,193.173512386712
1791412668878,188.686686503719
1791412670890,190.495135335558
1791412672904,191.354666813595
1791412674924,196.819151649099
1791412676948,196.121985053922
1791412678962,188.600572094502
1791412680980,193.239066143147
1791412683003,193.47271680445
1791412685027,195.492677478074
1791412687056,195.860043798527
1791412689071,188.589497172838
1791412691090,194.790059699915
1791412693115,194.652311647766
1791412695133,188.090862023207
1791412697151,195.907847402326
1791412699166,188.654501153611
1791412701190,195.698216920973
1791412703217,195.698216920973
1791412705243,196.475348391551
1791412707270,194.772109572598
1791412709281,188.403274659132
1791412711303,193.586241313027
1791412713326,195.017748786408
1791412715354,195.818932276109
1791412717376,194.372768437325
1791412719393,188.78837896148
1791412721418,194.147370242215
1791412723437,195.560096428345
1791412725464,195.825353029403
1791412727482,194.560205914043
1791412729502,188.547847389
1791412731530,193.595780102896
1791412733551,193.059895420694
1791412735575,191.763236342706
1791412737593,192.430348434518
1791412739609,188.482691372366
1791412741627,191.126631633779
1791412743642,188.244074604604
1791412745660,194.287189371515
1791412747683,193.839733709801
1791412749701,189.970280291515
1791412751722,192.501856999369
1791412753745,194.969570828925
1791412755765,188.67742627752
1791412757786,196.014389626818
1791412759809,192.68571659608
1791412761834,192.519280205656
1791412763858,196.199834735373
1791412765882,195.10191587756
1791412767910,196.753173647482
1791412769928,194.782637517069
1791412771955,193.23842417701
1791412773979,196.215348701488
1791412776005,195.525220834994
1791412778025,196.22916302521
1791412780049,194.701065946561
1791412782071,194.480551334665
1791412784096,196.27870993106
1791412786120,196.174235698829
1791412788149,196.361249927364
1791412790166,195.690625447259
1791412792182,193.991801260587
1791412794206,196.248237684815
1791412796233,196.260778315798
1791412798257,196.35910991079
1791412800274,195.638938030242
1791412802294,193.974804721912
1791412804309,194.725953870265
1791412806326,189.825839777939
1791412808348,191.805712612914
1791412810358,193.162829900437
1791412812377,192.897464572585
1791412814395,191.322539389839
1791412816422,191.933342844195
1791412818443,194.630874935181
1791412820459,195.784580022145
1791412822480,195.124027634227
1791412824502,194.004814567642
1791412826523,195.616863837756
1791412828544,191.407419316624
1791412830563,194.761083034382
1791412832589,196.893160693505
1791412834603,195.534998172052
1791412836628,196.677949017215
1791412838648,194.625893583793
1791412840663,195.07889305421
1791412842685,196.305680228491
1791412844705,196.252515090543
1791412846729,195.627855467732
1791412848752,192.769158379821
1791412850782,194.467415579174
1791412852806,196.41450280854
1791412854831,196.261065728818
1791412856845,195.461791913093
1791412858867,190.091728888607
1791412860885,193.958467164105
1791412862908,194.938120100952
1791412864930,196.65740500303
1791412866956,196.394048079359
1791412868975,189.666530701191
1791412870987,194.976519664606
1791412873004,196.447515201728
1791412875024,188.955549687063
1791412877044,193.255993487908
1791412879052,188.091159952347
1791412881073,192.280171857565
1791412883083,193.190421912812
1791412885099,193.40666414237
1791412887125,192.402728805764
1791412889137,188.691943750205
1791412891153,193.884974362866
1791412893177,196.188610173354
1791412895194,196.549071964475
1791412897215,196.980969858105
1791412899228,188.794548279509
1791412901253,193.706903858902
1791412903276,196.012651865468
1791412905302,195.643498254751
1791412907325,195.648217288454
1791412909338,188.934607540108
1791412911358,194.324647576011
1791412913377,196.451346685568
1791412915401,195.257613236588
1791412917419,195.890242338761
1791412919435,188.644985443607
1791412921461,193.647165095157
1791412923471,195.220658897603
1791412925483,195.840861573002
1791412927504,195.70290401923
1791412929519,188.741132950943
1791412931542,193.017105452294
1791412933565,195.924878228887
1791412935589,188.361417545385
1791412937606,194.222797565878
1791412939635,189.419590443313
1791412941657,191.13971333567
1791412943681,195.292229965599
1791412945705,196.193901248252
1791412947727,193.592749049775
1791412949742,188.97155693417
1791412951759,190.850638135169
1791412953779,191.714657749328
1791412955794,194.14765994216
1791412957810,192.814957231421
1791412959828,189.400280872577
1791412961852,191.488433788211
1791412963880,193.479796998411
1791412965905,197.053509233328
1791412967924,196.131544952313
1791412969940,191.034723043331
1791412971959,193.351826204402
1791412973981,195.628944847752
1791412975993,196.226083663482
1791412978018,196.743996807798
1791412980039,194.088500068761
1791412982058,193.795793600339
1791412984074,196.674475767255
1791412986096,196.252331909666
1791412988111,194.226532278574
1791412990129,196.054979523072
1791412992149,193.486616628176
1791412994169,195.416559002326
1791412996187,196.422014177949
1791412998208,197.449594095941
1791413000224,195.705949271088
1791413002246,193.931878895815
1791413004259,194.114523053948
1791413006279,195.792467138524
1791413008304,192.728801639608
1791413010328,195.07319841915
1791413012346,193.718526830067
1791413014370,194.726652237148
1791413016390,195.346632809239
1791413018408,195.557500275847
1791413020427,192.933306993283
1791413022446,191.020906489288
1791413024462,191.710139246064
1791413026477,192.084774914575
1791413028494,193.173398063413
1791413030508,193.273569795203
1791413032537,192.986975939393
1791413034559,195.690918062447
1791413036583,195.251928112354
1791413038605,196.390442385941
1791413040623,194.948701485888
1791413042646,194.902175976911
1791413044667,196.497328912889
1791413046692,195.78630340353
1791413048714,195.572970480956
1791413050732,195.247695185798
1791413052758,195.743151453913
1791413054781,195.099858140984
1791413056801,195.574950168816
1791413058823,195.324884393449
1791413060837,196.332794629538
1791413062858,196.493320715383
1791413064882,197.126252126252
1791413066908,195.181767219364
1791413068937,190.391356193468
1791413070960,195.6483521068
1791413072981,195.826148663178
1791413075003,196.620293960372
1791413077031,195.56274789964
1791413079048,189.405423763569
1791413081065,195.636560841508
1791413083091,195.380634181047
1791413085116,197.089805545967
1791413087135,192.603879934369
1791413089151,189.396829315697
1791413091168,193.425142726045
1791413093188,192.945331817906
1791413095203,193.280375674368
1791413097219,191.58268821076
1791413099237,188.521578735966
1791413101248,192.26813918516
1791413103267,195.743475029101
1791413105284,195.744137447405
1791413107304,196.131918129903
1791413109319,189.069716411473
1791413111344,193.257228379932
1791413113361,196.333413563641
1791413115374,188.453652324206
1791413117389,196.485050829904
1791413119406,189.334459350943
1791413121422,195.994471319972
1791413123443,196.686551975467
1791413125465,197.336802727245
1791413127482,195.854722015901
1791413129497,188.717185371139
1791413131518,194.559036920836
1791413133527,196.321319608794
1791413135540,196.608500414724
1791413137559,196.486063865546
1791413139580,189.24367266448
1791413141607,194.304294392359
1791413143627,195.547152168532
1791413145643,195.998728698559
1791413147663,196.001662986287
1791413149681,188.391285943658
1791413151702,193.640922249793
1791413153731,195.608584739732
1791413155755,194.687931587685
1791413157781,196.177751121168
1791413159794,189.175960115445
1791413161817,191.874346753442
1791413163830,192.284298761205
1791413165846,192.824336267543
1791413167857,191.887537305925
1791413169871,188.158067095042
1791413171884,190.894201410093
1791413173904,194.263060253273
1791413175926,189.547816960302
1791413177946,196.153534869293
1791413179969,189.464034117459
1791413181991,193.150164997659
1791413184015,195.605779623414
1791413186036,196.150259508211
1791413188052,193.741904903316
1791413190067,190.540857192788
1791413192084,192.611058644677
1791413194108,195.033720408328
1791413196125,195.773875177264
1791413198149,196.701907767939
1791413200169,192.441704968885
1791413202195,192.156828888747
1791413204213,194.828668824278
1791413206235,197.225623288658
1791413208247,196.45166538231
1791413210264,196.112756722275
1791413212282,192.114134775454
1791413214304,194.555029719785
1791413216328,197.242773304217
1791413218352,197.007572510359
1791413220368,195.090900114782
1791413222389,193.815569482969
1791413224411,194.124223946785
1791413226429,196.562906471463
1791413228453,194.427891165124
1791413230469,196.00099597402
1791413232487,192.960085984176
1791413234507,191.236785714286
1791413236523,193.292823555263
1791413238536,193.166668131212
1791413240552,193.049665009726
1791413242567,190.858427795976
1791413244584,193.066187116706
1791413246608,196.52269286754
1791413248634,191.712194149315
1791413250652,195.686093981957
1791413252682,193.352566766812
1791413254707,196.30917016926
1791413256726,196.335519344769
1791413258748,194.64942490169
1791413260766,195.470777187968
1791413262787,195.303643777953
1791413264807,196.293201112934
1791413266827,196.86092417474
1791413268841,195.963783408637
1791413270858,195.784782240298
1791413272877,195.193789412326
1791413274896,193.583553253996
1791413276911,195.761408999881
1791413278936,196.257034747389
1791413280955,194.418423657511
1791413282977,195.079125656824
1791413284994,195.579540503978
1791413287013,195.087116593468
1791413289034,192.927885496265
1791413291048,195.606128880657
1791413293074,195.719847592657
1791413295089,188.85076662613
1791413297113,194.442966780573
1791413299132,191.614383095324
1791413301149,196.118903689926
1791413303164,196.009083300174
1791413305190,193.311831523091
1791413307203,191.445161339878
1791413309212,188.884500339149
1791413311224,193.18670331316
1791413313236,193.160999005077
1791413315249,193.273854818634
1791413317262,196.16105248146
1791413319281,189.51578483763
1791413321303,195.271276954405
1791413323315,196.579880095572
1791413325332,194.742023863341
1791413327345,194.961923496416
1791413329363,188.760416098152
1791413331377,194.623291873501
1791413333398,195.055430803359
1791413335417,195.110124259277
1791413337443,195.112348259047
1791413339456,188.733975263101
1791413341481,196.667036915145
1791413343502,195.148990669834
1791413345525,195.967739622912
1791413347545,194.53123088351
1791413349557,188.762509292318
1791413351578,195.095430144911
1791413353588,194.97963718145
1791413355604,188.254566420466
1791413357629,195.058125
1791413359646,188.541405394175
1791413361668,195.861610223289
1791413363685,195.677692059567
1791413365709,195.315628815629
1791413367728,195.428322120492
1791413369745,188.545053046883
1791413371764,195.81089343324
1791413373781,195.529456171837
1791413375797,196.556225247883
1791413377815,192.902469510872
1791413379824,188.505847134581
1791413381840,192.682906702316
1791413383854,192.350468361353
1791413385871,193.985853784998
1791413387888,194.551424343322
1791413389907,188.785791202874
1791413391919,193.353477906085
1791413393938,196.19602647188
1791413395961,196.212250552772
1791413397981,194.470490211705
1791413399998,188.420336761646
1791413402026,193.909800321322
1791413404046,195.620689655172
1791413406070,196.553636721607
1791413408090,196.066262080766
1791413410112,188.773758618141
1791413412134,192.951859488681
1791413414159,196.540778466888
1791413416181,195.640367111078
1791413418205,196.674503462288
1791413420222,190.222930693565
1791413422243,192.700634208215
1791413424263,196.267804693634
1791413426290,196.425662639062
1791413428308,192.471134254019
1791413430324,192.38795571674
1791413432343,192.152289381564
1791413434369,194.836766113261
1791413436390,196.741772447742
1791413438417,195.908211423747
1791413440423,194.72789179229
1791413442446,192.305145397697
1791413444459,194.773608339497
1791413446481,197.312353286385
1791413448506,191.578281316802
1791413450520,192.660514847293
1791413452537,190.329610687023
1791413454564,193.978878852285
1791413456581,193.924394267267
1791413458600,194.011114924624
1791413460621,194.554279191762
1791413462634,186.411516917686
1791413464652,189.693882910582
1791413466682,191.556803218008
1791413468702,189.89306423194
1791413470715,190.837917856817
1791413472732,187.782006589436
1791413474749,190.170002915785
1791413476768,191.93851566316
1791413478785,188.897837118593
1791413480801,191.190352671915
1791413482816,191.012993711581
1791413484835,192.682501196856
1791413486857,193.518917114712
1791413488878,190.56916093875
1791413490892,196.542781158189
1791413492910,193.615492615194
1791413494933,195.43270589046
1791413496958,195.721633221534
1791413498981,195.18957384737
1791413501000,195.000095695088
1791413503024,195.423143393863
1791413505046,194.454441084866
1791413507065,196.561133397367
1791413509084,195.428364648182
1791413511096,195.036582500656
1791413513119,195.385049814643
1791413515142,195.780137884835
1791413517160,195.133256148872
1791413519181,193.399097574732
1791413521197,193.038115498826
1791413523214,193.659042526015
1791413525225,191.37757900235
1791413527244,193.887659620324
1791413529255,191.552166794651
1791413531273,195.973843700159
1791413533297,195.403763463749
1791413535317,187.557220583728
1791413537342,196.485287530097
1791413539359,190.734575050372
1791413541381,194.340978573036
1791413543400,194.939025245934
1791413545419,195.016716644263
1791413547441,195.188909172811
1791413549458,189.053823025122
1791413551481,194.847329748599
1791413553499,195.316893274142
1791413555516,195.473942294026
1791413557543,194.562557343299
1791413559561,188.623175293687
1791413561587,194.741733531993
1791413563608,194.920584643054
1791413565633,195.958777580593
1791413567660,193.955440632611
1791413569681,188.973302451639
1791413571703,195.395213783423
1791413573725,196.000179248535
1791413575745,196.412477409094
1791413577772,195.198774885145
1791413579777,188.806778783138
1791413581795,195.249485300173
1791413583812,194.783529570984
1791413585837,196.417899171873
1791413587859,196.79497309544
1791413589875,188.143875612547
1791413591894,192.597490516999
1791413593904,190.773993909966
1791413595921,188.53949623943
1791413597938,192.602539318871
1791413599945,187.223176452956
1791413601955,192.193952630731
1791413603972,194.80292396867
1791413605993,196.239247654227
1791413608013,194.267897338446
1791413610028,188.613122001186
1791413612051,194.848215659129
1791413614072,195.477472205968
1791413616098,196.401221729329
1791413618122,195.229913172507
1791413620150,188.463351622901
1791413622172,194.021489382286
1791413624194,196.346452201688
1791413626215,196.710213955166
1791413628238,195.509960962095
1791413630256,189.462612370024
1791413632282,194.121667635578
1791413634302,196.573493874928
1791413636322,195.966069188285
1791413638342,196.474154896967
1791413640360,189.442777963961
1791413642380,193.870079160683
1791413644402,195.119983316964
1791413646421,196.043693512175
1791413648438,194.930389645409
1791413650458,191.163850223038
1791413652473,192.938937089294
1791413654494,196.036201830477
1791413656514,196.818239832095
1791413658541,195.703508376107
1791413660560,191.514564330671
1791413662574,192.074576271186
1791413664587,193.949809656494
1791413666602,191.733682166361
1791413668620,190.458142291152
1791413670629,191.010822247797
1791413672644,190.268075996009
1791413674665,195.429954622567
1791413676685,197.303376173464
1791413678711,196.01263820834
1791413680727,194.458201346549
1791413682745,193.189851580857
1791413684766,193.141811052451
1791413686788,197.114071524083
1791413688799,197.315601394538
1791413690811,195.677494665495
1791413692828,192.401633819254
1791413694850,196.514168377823
1791413696874,197.012275690958
1791413698897,195.421273330227
1791413700912,194.853460732371
1791413702936,193.302078573532
1791413704951,195.923180612526
1791413706974,196.982082546225
1791413708998,195.789289219122
1791413711009,196.134062888813
1791413713025,193.795987924822
1791413715041,190.15445109591
1791413717071,196.235172198404
1791413719091,195.388586386142
1791413721108,196.282185548137
1791413723135,192.473286153568
1791413725154,196.640289206109
1791413727176,197.065522354015
1791413729195,195.124452604379
1791413731217,195.010952002848
1791413733238,192.788116360635
1791413735256,191.428219077037
1791413737278,192.277275012569
1791413739290,192.866260074058
1791413741303,192.886968779367
1791413743314,190.231441048035
1791413745334,191.114111979123
1791413747360,196.061210752899
1791413749387,195.149967177896
1791413751405,195.537099368723
1791413753423,195.393681607873
1791413755446,193.701038249518
1791413757471,195.922826796922
1791413759491,192.268835812988
1791413761512,195.371170781782
1791413763530,195.225198240242
1791413765559,195.387175551214
1791413767586,196.221494734521
1791413769613,190.121335846593
1791413771633,195.837716626986
1791413773661,196.870252147796
1791413775674,187.886149059515
1791413777698,195.949570601158
1791413779721,189.453095957249
1791413781746,195.29975273083
1791413783766,194.6910270009
1791413785794,196.969957755323
1791413787817,194.450715432209
1791413789832,189.53066818277
1791413791856,195.848885871071
1791413793878,196.144836575379
1791413795903,194.539011577002
1791413797928,195.870833333333
1791413799950,189.177685312727
1791413801972,195.338408767673
1791413803994,195.773224712873
1791413806011,191.426841942419
1791413808028,191.055695491738
1791413810043,189.254012207695
1791413812059,192.27414219098
1791413814071,193.336777660324
1791413816088,191.838883935206
1791413818115,193.964672871921
1791413820129,189.33025589233
1791413822146,195.884896586234
1791413824171,194.600705988589
1791413826198,196.591367614052
1791413828223,194.132261596211
1791413830247,188.509093013259
1791413832265,193.063030007427
1791413834286,195.900627701456
1791413836308,197.110508919132
1791413838325,193.497604860381
1791413840342,188.596909663578
1791413842368,192.215886422136
1791413844393,193.053356522955
1791413846419,193.999808607207
1791413848438,191.347640227757
1791413850459,189.450683159911
1791413852483,191.620395800909
1791413854511,194.34398403713
1791413856539,194.062604264887
1791413858556,192.038794222315
1791413860572,190.308265755522
1791413862596,191.96862456673
1791413864614,194.10226759178
1791413866638,194.663352464096
1791413868660,192.26857515824
1791413870677,191.760055768132
1791413872705,191.720742700528
1791413874730,194.221981514858
1791413876752,193.345364089401
1791413878772,189.610879867172
1791413880788,187.536047346708
1791413882808,190.005522094413
1791413884825,188.254832584341
1791413886839,190.796739947081
1791413888860,193.251392319682
1791413890877,191.583448636925
1791413892897,193.651795758888
1791413894916,194.025078708933
1791413896937,197.249508650519
1791413898948,196.308339030386
1791413900965,194.800023854962
1791413902982,193.140126002291
1791413904993,196.329445190029
1791413907019,196.760086602885
1791413909045,192.450193688541
1791413911058,195.661908984297
1791413913081,194.30786964267
1791413915107,196.497871802436
1791413917129,196.219021746741
1791413919156,196.300559792077
1791413921175,194.097640940609
1791413923192,193.986545644881
1791413925217,196.650664995474
1791413927240,195.495837556103
1791413929261,195.95169328897
1791413931277,194.560062191577
1791413933304,193.537754472548
1791413935331,195.103099304238
1791413937359,196.770858355912
1791413939381,194.890104348501
1791413941397,194.819237331324
1791413943423,193.515479453262
1791413945444,195.353228416764
1791413947467,196.098210621358
1791413949489,193.051812907904
1791413951503,191.864073919316
1791413953526,188.286951553243
1791413955538,188.298989388204
1791413957560,193.835679200174
1791413959578,193.156467734584
1791413961589,196.200532239286
1791413963613,194.728866681808
1791413965636,195.802581369248
1791413967653,196.284761904762
1791413969676,191.161376773516
1791413971695,195.061213026264
1791413973724,195.862875825373
1791413975742,195.847215299831
1791413977767,195.853621364653
1791413979791,189.767591661457
1791413981810,195.179253288078
1791413983836,194.999279176357
1791413985861,195.466945075702
1791413987886,196.512130499542
1791413989904,189.190867788668
1791413991924,195.221012424218
1791413993947,194.793534372007
1791413995974,196.836861313869
1791413997996,196.350329472554
1791414000018,189.127105187545
1791414002040,194.82466820226
1791414004061,194.789065802452
1791414006088,194.70659225021
1791414008111,195.049243480918
1791414010132,189.201085818029
1791414012153,195.621265004996
1791414014177,195.308610312042
1791414016190,191.772282434719
1791414018210,195.696508375861
1791414020229,189.410373040556
1791414022253,192.419775459307
1791414024269,191.066556655666
1791414026291,192.083010657802
1791414028303,190.368017609373
1791414030315,187.558049887603
1791414032330,192.372500245797
1791414034350,196.869123434705
1791414036361,196.005277567859
1791414038386,196.272351220075
1791414040403,188.92341394123
1791414042417,194.349556226204
1791414044438,196.080504489098
1791414046456,196.404358528816
1791414048475,196.729159114308
1791414050503,189.093510877507
1791414052524,194.593008195177
1791414054544,194.605738614003
1791414056565,196.639468590765
1791414058583,196.545636854072
1791414060599,189.078554600036
1791414062613,192.817611180198
1791414064633,196.623989006112
1791414066660,195.120651560737
1791414068681,194.303354230668
1791414070696,189.295300075937
1791414072719,192.378877864729
1791414074758,195.647232103157
1791414076771,195.803280010135
1791414078790,195.484092266075
1791414080803,191.482165796366
1791414082819,193.478530775098
1791414084834,197.872162165961
1791414086855,196.227804297407
1791414088879,191.590664303487
1791414090891,193.523495593883
1791414092904,191.169500677006
1791414094922,193.309590423742
1791414096937,194.176017336865
1791414098956,191.819058662714
1791414100975,191.56281469253
1791414103002,191.038951907753
1791414105019,195.333301356722
1791414107035,196.516446543201
1791414109052,196.35
1791414111065,197.28284189914
1791414113080,193.602296399775
1791414115102,196.278214354647
1791414117113,197.150475995496
1791414119135,196.75739561616
1791414121149,195.856708996652
1791414123166,192.634859192443
1791414125187,196.471593341723
1791414127211,196.580590605959
1791414129236,195.915683008091
1791414131253,193.937113348692
1791414133269,193.169179327741
1791414135285,188.410793828994
1791414137302,196.525076648841
1791414139324,195.641112728449
1791414141338,194.083990993655
1791414143354,192.656561689162
1791414145375,194.704017707425
1791414147397,197.314679450447
1791414149412,195.195236099469
1791414151428,193.810662724919
1791414153447,194.148142960525
1791414155458,196.243767429476
1791414157471,195.973057433666
1791414159493,196.736230246824
1791414161510,194.307699109176
1791414163525,194.533735231585
1791414165544,193.926667998923
1791414167557,192.926912465114
1791414169572,193.991415667944
1791414171583,193.115571465098
1791414173599,192.471172578261
1791414175622,194.083408101925
1791414177643,196.04049765139
1791414179662,195.81018387933
1791414181677,195.182466648516
1791414183688,195.261905735192
1791414185705,194.971547352672
1791414187722,190.318793203255
1791414189736,192.863526117346
1791414191748,189.966298721209
1791414193770,192.384421680561
1791414195779,188.087487331879
1791414197797,194.885645003513
1791414199811,192.07330046201
1791414201829,193.069259951677
1791414203842,194.394082284846
1791414205864,195.486881861559
1791414207885,196.939838191416
1791414209899,190.420437402753
1791414211921,195.013311593781
1791414213930,194.972374081377
1791414215952,196.201406558221
1791414217970,196.908238343413
1791414219993,189.975383189284
1791414222006,195.557970331047
1791414224028,195.224673335345
1791414226043,195.445069800806
1791414228059,195.964141122036
1791414230077,189.301359966246
1791414232089,196.933383810966
1791414234108,195.289235684768
1791414236125,193.501492055811
1791414238138,193.937867858952
1791414240154,188.365669719888
1791414242174,192.791836949007
1791414244190,191.851130952879
1791414246206,193.133392915035
1791414248217,193.871324126726
1791414250234,189.041899002592
1791414252245,196.215097506508
1791414254261,195.210176283001
1791414256279,191.632623039292
1791414258300,196.404986522911
1791414260317,189.530636919155
1791414262335,196.591863880729
1791414264349,194.742665637282
1791414266368,193.532027253484
1791414268391,192.036909960491
1791414270408,189.264809882439
1791414272427,196.505620893606
1791414274444,194.702042093552
1791414276461,194.988378327971
1791414278479,197.09923315431
1791414280495,189.24326423391
1791414282514,195.981071538656
1791414284533,196.799907474906
1791414286545,196.37032311882
1791414288557,197.216273064872
1791414290577,189.128182894968
1791414292593,194.693770185709
1791414294612,196.75887416154
1791414296636,196.676377964079
1791414298656,196.306363176246
1791414300676,188.382715276365
1791414302696,193.301041704475
1791414304718,194.848034365141
1791414306743,195.869928971871
1791414308761,193.313400419894
1791414310774,188.011683124225
1791414312789,191.170755473133
1791414314809,193.437476214499
1791414316824,191.850862500099
1791414318842,194.541019288212
1791414320854,189.024130527628
1791414322880,193.876409873199
1791414324899,195.199045264683
1791414326925,195.716153555522
1791414328943,191.269966790517
1791414330960,190.480522142282
1791414332987,193.067432941366
1791414335008,197.58069143018
1791414337036,195.677659112219
1791414339056,195.039134166323
1791414341070,193.004043899641
1791414343095,192.991041076487
1791414345116,195.823418998829
1791414347144,196.246455106571
1791414349170,196.251588557796
1791414351189,194.888114187088
1791414353213,192.629958781063
1791414355238,196.468217280157
1791414357257,196.069750622401
1791414359275,196.209415139858
1791414361298,195.05004741187
1791414363317,192.986724682991
1791414365341,196.903297803849
1791414367365,195.642703448276
1791414369384,194.855909948847
1791414371407,194.227426629191
1791414373428,193.093496820031
1791414375448,188.186087740385
1791414377470,196.69514879506
1791414379487,192.804014543505
1791414381501,191.328546220545
1791414383516,191.342707832489
1791414385535,193.035488221543
1791414387553,192.827357226004
1791414389571,191.692237394641
1791414391585,194.628481779771
1791414393601,193.41224842858
1791414395620,196.35744656646
1791414397644,195.858973624674
1791414399663,193.822435181239
1791414401680,192.514128209503
1791414403697,194.54197185259
1791414405718,196.567458913127
1791414407739,195.242948418264
1791414409764,195.944314637126
1791414411783,194.947364829516
1791414413803,195.486366966006
1791414415825,193.068415949582
1791414417850,195.899959207213
1791414419865,195.947489978497
1791414421886,195.764706661369
1791414423901,195.344697742071
1791414425924,195.972643624231
1791414427940,195.315330426032
1791414429961,192.115282384212
1791414431969,191.241345374551
1791414433982,196.08359375
1791414436011,188.768929268929
1791414438031,195.750724221999
1791414440049,190.558380631566
1791414442066,195.484577413289
1791414444093,196.402849832488
1791414446106,195.261335363615
1791414448128,196.052563880217
1791414450151,190.008619259714
1791414452169,189.844121038124
1791414454187,190.375284049703
1791414456205,194.0070478512
1791414458220,193.980889441349
1791414460238,188.78423796914
1791414462255,192.948708017485
1791414464274,194.427256151093
1791414466302,196.171205621719
1791414468324,196.119925523025
1791414470339,189.272741801823
1791414472359,194.552754402505
1791414474378,194.994957060687
1791414476400,196.47428645265
1791414478425,195.383972255799
1791414480449,189.010906774938
1791414482474,194.586844210612
1791414484493,195.658861287482
1791414486516,196.6827357062
1791414488542,196.042616747984
1791414490558,189.594964978758
1791414492585,195.076360362388
1791414494604,196.348157818393
1791414496625,195.807801866274
1791414498656,195.856148729819
1791414500669,189.225942005562
1791414502692,194.794087281656
1791414504717,196.079603971663
1791414506746,196.32341823926
1791414508772,191.471253167024
1791414510793,189.477359519913
1791414512816,195.039279911278
1791414514846,193.807275532319
1791414516861,194.94243899709
1791414518891,194.891487979207
1791414520916,188.837985097619
1791414522938,191.343260979303
1791414524956,190.623814265095
1791414526974,192.341794928991
1791414528993,193.055414891388
1791414531022,188.917408687022
1791414533036,191.973978039758
1791414535064,194.870766678012
1791414537091,194.954365284528
1791414539119,196.511773940345
1791414541142,189.717361624476
1791414543161,192.343269614836
1791414545181,196.313117480192
1791414547205,193.16786147935
1791414549223,194.751082559398
1791414551246,192.298120763728
1791414553263,192.966402842836
1791414555284,188.814123838787
1791414557296,195.847984504524
1791414559319,193.900020611946
1791414561339,194.343194737178
1791414563364,192.610561722966
1791414565392,195.905262545624
1791414567412,195.939371742499
1791414569431,196.147694103911
1791414571454,194.77453933138
1791414573477,192.717817029855
1791414575498,195.646650724356
1791414577525,195.619788192128
1791414579553,196.128454837496
1791414581569,194.921776698776
1791414583590,191.891946302666
1791414585612,195.741214235093
1791414587633,195.188011099023
1791414589656,194.956193814816
1791414591683,196.003903643874
1791414593710,192.640525720983
1791414595731,190.893578150027
